img_name,img_path,annotations
000000511076,data/coco2017/subset/000000511076.jpg,"[{'class_id': 16, 'bbox_x': 266.66, 'bbox_y': 262.36, 'bbox_w': 40.65, 'bbox_h': 45.18, 'class_label': 'cat'}, {'class_id': 16, 'bbox_x': 296.98, 'bbox_y': 242.17, 'bbox_w': 26.96, 'bbox_h': 37.26, 'class_label': 'cat'}, {'class_id': 16, 'bbox_x': 340.32, 'bbox_y': 227.96, 'bbox_w': 48.73, 'bbox_h': 36.42, 'class_label': 'cat'}, {'class_id': 16, 'bbox_x': 204.13, 'bbox_y': 250.3, 'bbox_w': 40.42, 'bbox_h': 45.84, 'class_label': 'cat'}, {'class_id': 16, 'bbox_x': 165.91, 'bbox_y': 263.82, 'bbox_w': 35.97, 'bbox_h': 49.73, 'class_label': 'cat'}, {'class_id': 16, 'bbox_x': 173.59, 'bbox_y': 248.56, 'bbox_w': 26.1, 'bbox_h': 34.42, 'class_label': 'cat'}, {'class_id': 16, 'bbox_x': 143.08, 'bbox_y': 147.79, 'bbox_w': 65.91, 'bbox_h': 96.01, 'class_label': 'cat'}, {'class_id': 16, 'bbox_x': 223.58, 'bbox_y': 85.16, 'bbox_w': 46.43, 'bbox_h': 82.53, 'class_label': 'cat'}, {'class_id': 16, 'bbox_x': 186.91, 'bbox_y': 88.61, 'bbox_w': 76.39, 'bbox_h': 59.11, 'class_label': 'cat'}, {'class_id': 16, 'bbox_x': 271.3, 'bbox_y': 198.75, 'bbox_w': 47.68, 'bbox_h': 66.56, 'class_label': 'cat'}, {'class_id': 16, 'bbox_x': 297.3, 'bbox_y': 217.63, 'bbox_w': 22.69, 'bbox_h': 33.26, 'class_label': 'cat'}, {'class_id': 3, 'bbox_x': 179.98, 'bbox_y': 116.14, 'bbox_w': 41.36, 'bbox_h': 35.33, 'class_label': 'motorcycle'}, {'class_id': 1, 'bbox_x': 352.49, 'bbox_y': 72.69, 'bbox_w': 190.1, 'bbox_h': 303.77, 'class_label': 'bicycle'}, {'class_id': 16, 'bbox_x': 132.04, 'bbox_y': 254.3, 'bbox_w': 46.22, 'bbox_h': 45.16, 'class_label': 'cat'}, {'class_id': 15, 'bbox_x': 451.95, 'bbox_y': 252.43, 'bbox_w': 184.23, 'bbox_h': 163.12, 'class_label': 'bird'}, {'class_id': 1, 'bbox_x': 139.6, 'bbox_y': 122.3, 'bbox_w': 10.75, 'bbox_h': 32.52, 'class_label': 'bicycle'}, {'class_id': 16, 'bbox_x': 311.0, 'bbox_y': 279.27, 'bbox_w': 47.66, 'bbox_h': 50.88, 'class_label': 'cat'}, {'class_id': 31, 'bbox_x': 472.56, 'bbox_y': 208.72, 'bbox_w': 101.71, 'bbox_h': 68.44, 'class_label': 'tie'}, {'class_id': 16, 'bbox_x': 55, 'bbox_y': 160, 'bbox_w': 315, 'bbox_h': 204, 'class_label': 'cat'}]"
000000377368,data/coco2017/subset/000000377368.jpg,"[{'class_id': 1, 'bbox_x': 420.33, 'bbox_y': 0.0, 'bbox_w': 217.75, 'bbox_h': 94.25, 'class_label': 'bicycle'}, {'class_id': 61, 'bbox_x': 376.07, 'bbox_y': 146.03, 'bbox_w': 94.04, 'bbox_h': 88.51, 'class_label': 'chair'}, {'class_id': 61, 'bbox_x': 171.86, 'bbox_y': 157.63, 'bbox_w': 259.42, 'bbox_h': 279.95, 'class_label': 'chair'}, {'class_id': 31, 'bbox_x': 336.33, 'bbox_y': 53.8, 'bbox_w': 112.7, 'bbox_h': 87.24, 'class_label': 'tie'}, {'class_id': 47, 'bbox_x': 577.38, 'bbox_y': 31.15, 'bbox_w': 62.37, 'bbox_h': 79.76, 'class_label': 'fork'}, {'class_id': 47, 'bbox_x': 600.04, 'bbox_y': 302.46, 'bbox_w': 39.9, 'bbox_h': 101.39, 'class_label': 'fork'}, {'class_id': 15, 'bbox_x': 59.56, 'bbox_y': 70.73, 'bbox_w': 580.44, 'bbox_h': 410.27, 'class_label': 'bird'}, {'class_id': 67, 'bbox_x': 129.93, 'bbox_y': 68.71, 'bbox_w': 510.07, 'bbox_h': 403.54, 'class_label': None}, {'class_id': 67, 'bbox_x': 59.15, 'bbox_y': 223.28, 'bbox_w': 102.6, 'bbox_h': 136.5, 'class_label': None}]"
000000389451,data/coco2017/subset/000000389451.jpg,"[{'class_id': 9, 'bbox_x': 293.41, 'bbox_y': 135.67, 'bbox_w': 65.66, 'bbox_h': 30.14, 'class_label': 'traffic light'}, {'class_id': 1, 'bbox_x': 340.6, 'bbox_y': 164.04, 'bbox_w': 11.37, 'bbox_h': 20.74, 'class_label': 'bicycle'}, {'class_id': 1, 'bbox_x': 113.09, 'bbox_y': 151.18, 'bbox_w': 14.67, 'bbox_h': 23.01, 'class_label': 'bicycle'}, {'class_id': 1, 'bbox_x': 319.71, 'bbox_y': 142.24, 'bbox_w': 16.82, 'bbox_h': 16.67, 'class_label': 'bicycle'}, {'class_id': 1, 'bbox_x': 355.69, 'bbox_y': 147.05, 'bbox_w': 6.42, 'bbox_h': 6.71, 'class_label': 'bicycle'}, {'class_id': 1, 'bbox_x': 380.68, 'bbox_y': 144.24, 'bbox_w': 3.53, 'bbox_h': 4.59, 'class_label': 'bicycle'}, {'class_id': 1, 'bbox_x': 310.16, 'bbox_y': 161.75, 'bbox_w': 8.68, 'bbox_h': 18.59, 'class_label': 'bicycle'}, {'class_id': 1, 'bbox_x': 365.2, 'bbox_y': 143.17, 'bbox_w': 4.38, 'bbox_h': 5.86, 'class_label': 'bicycle'}, {'class_id': 1, 'bbox_x': 559.97, 'bbox_y': 132.88, 'bbox_w': 5.34, 'bbox_h': 5.73, 'class_label': 'bicycle'}, {'class_id': 21, 'bbox_x': 13.13, 'bbox_y': 270.58, 'bbox_w': 74.66, 'bbox_h': 57.16, 'class_label': 'elephant'}, {'class_id': 21, 'bbox_x': 134.77, 'bbox_y': 283.01, 'bbox_w': 93.99, 'bbox_h': 69.07, 'class_label': 'elephant'}, {'class_id': 21, 'bbox_x': 452.36, 'bbox_y': 258.77, 'bbox_w': 83.53, 'bbox_h': 71.44, 'class_label': 'elephant'}, {'class_id': 21, 'bbox_x': 552.04, 'bbox_y': 256.73, 'bbox_w': 67.53, 'bbox_h': 61.1, 'class_label': 'elephant'}, {'class_id': 1, 'bbox_x': 599.67, 'bbox_y': 137.78, 'bbox_w': 5.86, 'bbox_h': 6.41, 'class_label': 'bicycle'}, {'class_id': 1, 'bbox_x': 530.91, 'bbox_y': 136.7, 'bbox_w': 14.09, 'bbox_h': 3.85, 'class_label': 'bicycle'}, {'class_id': 1, 'bbox_x': 565.27, 'bbox_y': 135.55, 'bbox_w': 6.94, 'bbox_h': 5.5, 'class_label': 'bicycle'}, {'class_id': 1, 'bbox_x': 133.12, 'bbox_y': 171.37, 'bbox_w': 5.01, 'bbox_h': 5.5, 'class_label': 'bicycle'}]"
000000463842,data/coco2017/subset/000000463842.jpg,"[{'class_id': 65, 'bbox_x': 73.35, 'bbox_y': 125.57, 'bbox_w': 498.34, 'bbox_h': 144.54, 'class_label': None}, {'class_id': 44, 'bbox_x': 524.91, 'bbox_y': 279.29, 'bbox_w': 23.37, 'bbox_h': 90.78, 'class_label': None}, {'class_id': 44, 'bbox_x': 394.32, 'bbox_y': 277.7, 'bbox_w': 27.01, 'bbox_h': 84.61, 'class_label': None}, {'class_id': 44, 'bbox_x': 356.75, 'bbox_y': 273.39, 'bbox_w': 29.61, 'bbox_h': 80.36, 'class_label': None}, {'class_id': 44, 'bbox_x': 295.38, 'bbox_y': 296.85, 'bbox_w': 20.27, 'bbox_h': 52.18, 'class_label': None}, {'class_id': 44, 'bbox_x': 237.41, 'bbox_y': 255.29, 'bbox_w': 28.72, 'bbox_h': 82.42, 'class_label': None}, {'class_id': 44, 'bbox_x': 222.35, 'bbox_y': 252.54, 'bbox_w': 22.94, 'bbox_h': 80.94, 'class_label': None}, {'class_id': 44, 'bbox_x': 174.68, 'bbox_y': 277.86, 'bbox_w': 16.74, 'bbox_h': 51.57, 'class_label': None}, {'class_id': 44, 'bbox_x': 182.98, 'bbox_y': 245.76, 'bbox_w': 24.09, 'bbox_h': 81.11, 'class_label': None}, {'class_id': 44, 'bbox_x': 47.21, 'bbox_y': 234.52, 'bbox_w': 24.31, 'bbox_h': 79.7, 'class_label': None}, {'class_id': 44, 'bbox_x': 80.83, 'bbox_y': 234.24, 'bbox_w': 26.24, 'bbox_h': 82.46, 'class_label': None}, {'class_id': 44, 'bbox_x': 107.52, 'bbox_y': 234.76, 'bbox_w': 28.38, 'bbox_h': 85.63, 'class_label': None}, {'class_id': 44, 'bbox_x': 415.0, 'bbox_y': 315.63, 'bbox_w': 18.75, 'bbox_h': 60.0, 'class_label': None}, {'class_id': 44, 'bbox_x': 149.82, 'bbox_y': 239.23, 'bbox_w': 23.88, 'bbox_h': 81.94, 'class_label': None}, {'class_id': 44, 'bbox_x': 25, 'bbox_y': 110, 'bbox_w': 550, 'bbox_h': 287, 'class_label': None}]"
000000442480,data/coco2017/subset/000000442480.jpg,"[{'class_id': 5, 'bbox_x': 62.08, 'bbox_y': 170.06, 'bbox_w': 557.75, 'bbox_h': 89.78, 'class_label': 'bus'}, {'class_id': 8, 'bbox_x': 49.08, 'bbox_y': 222.76, 'bbox_w': 92.48, 'bbox_h': 48.77, 'class_label': 'boat'}, {'class_id': 1, 'bbox_x': 256.44, 'bbox_y': 239.65, 'bbox_w': 14.21, 'bbox_h': 28.81, 'class_label': 'bicycle'}, {'class_id': 1, 'bbox_x': 304.85, 'bbox_y': 212.77, 'bbox_w': 17.45, 'bbox_h': 36.5, 'class_label': 'bicycle'}]"
000000297562,data/coco2017/subset/000000297562.jpg,"[{'class_id': 62, 'bbox_x': 394.79, 'bbox_y': 306.34, 'bbox_w': 133.75, 'bbox_h': 166.11, 'class_label': 'couch'}, {'class_id': 1, 'bbox_x': 486.44, 'bbox_y': 38.3, 'bbox_w': 75.17, 'bbox_h': 240.54, 'class_label': 'bicycle'}, {'class_id': 1, 'bbox_x': 397.41, 'bbox_y': 44.12, 'bbox_w': 67.3, 'bbox_h': 218.57, 'class_label': 'bicycle'}, {'class_id': 1, 'bbox_x': 430.92, 'bbox_y': 54.72, 'bbox_w': 32.07, 'bbox_h': 127.27, 'class_label': 'bicycle'}, {'class_id': 1, 'bbox_x': 581.44, 'bbox_y': 0.83, 'bbox_w': 58.56, 'bbox_h': 153.95, 'class_label': 'bicycle'}, {'class_id': 87, 'bbox_x': 355.55, 'bbox_y': 212.72, 'bbox_w': 32.0, 'bbox_h': 16.25, 'class_label': 'teddy bear'}, {'class_id': 87, 'bbox_x': 232.25, 'bbox_y': 211.0, 'bbox_w': 157.15, 'bbox_h': 25.01, 'class_label': 'teddy bear'}, {'class_id': 1, 'bbox_x': 519.64, 'bbox_y': 74.27, 'bbox_w': 120.19, 'bbox_h': 341.13, 'class_label': 'bicycle'}, {'class_id': 1, 'bbox_x': 222.7, 'bbox_y': 200.54, 'bbox_w': 207.57, 'bbox_h': 279.46, 'class_label': 'bicycle'}, {'class_id': 1, 'bbox_x': 422.1, 'bbox_y': 45.81, 'bbox_w': 26.13, 'bbox_h': 47.59, 'class_label': 'bicycle'}, {'class_id': 1, 'bbox_x': 228.87, 'bbox_y': 98.09, 'bbox_w': 34.99, 'bbox_h': 96.78, 'class_label': 'bicycle'}, {'class_id': 3, 'bbox_x': 272.37, 'bbox_y': 98.33, 'bbox_w': 29.11, 'bbox_h': 25.26, 'class_label': 'motorcycle'}, {'class_id': 1, 'bbox_x': 17.26, 'bbox_y': 207.1, 'bbox_w': 395.86, 'bbox_h': 272.9, 'class_label': 'bicycle'}, {'class_id': 1, 'bbox_x': 445.06, 'bbox_y': 145.39, 'bbox_w': 36.08, 'bbox_h': 86.98, 'class_label': 'bicycle'}, {'class_id': 62, 'bbox_x': 361.56, 'bbox_y': 184.52, 'bbox_w': 77.3, 'bbox_h': 37.4, 'class_label': 'couch'}]"
000000161781,data/coco2017/subset/000000161781.jpg,"[{'class_id': 1, 'bbox_x': 260.63, 'bbox_y': 20.33, 'bbox_w': 205.63, 'bbox_h': 343.12, 'class_label': 'bicycle'}, {'class_id': 35, 'bbox_x': 144.31, 'bbox_y': 335.28, 'bbox_w': 357.95, 'bbox_h': 47.06, 'class_label': 'snowboard'}]"
000000033638,data/coco2017/subset/000000033638.jpg,"[{'class_id': 1, 'bbox_x': 62.91, 'bbox_y': 243.53, 'bbox_w': 140.01, 'bbox_h': 265.83, 'class_label': 'bicycle'}, {'class_id': 50, 'bbox_x': 366.93, 'bbox_y': 384.67, 'bbox_w': 31.22, 'bbox_h': 24.84, 'class_label': 'bowl'}, {'class_id': 50, 'bbox_x': 176.44, 'bbox_y': 349.97, 'bbox_w': 7.56, 'bbox_h': 6.56, 'class_label': 'bowl'}, {'class_id': 50, 'bbox_x': 345.26, 'bbox_y': 259.98, 'bbox_w': 20.33, 'bbox_h': 68.48, 'class_label': 'bowl'}, {'class_id': 51, 'bbox_x': 243.19, 'bbox_y': 238.9, 'bbox_w': 14.51, 'bbox_h': 9.35, 'class_label': 'banana'}, {'class_id': 79, 'bbox_x': 260.97, 'bbox_y': 413.72, 'bbox_w': 164.03, 'bbox_h': 155.74, 'class_label': 'toaster'}, {'class_id': 79, 'bbox_x': 136.31, 'bbox_y': 374.03, 'bbox_w': 129.66, 'bbox_h': 211.11, 'class_label': 'toaster'}, {'class_id': 51, 'bbox_x': 256.29, 'bbox_y': 241.25, 'bbox_w': 23.54, 'bbox_h': 8.54, 'class_label': 'banana'}]"
000000485071,data/coco2017/subset/000000485071.jpg,"[{'class_id': 1, 'bbox_x': 251.99, 'bbox_y': 177.46, 'bbox_w': 133.02, 'bbox_h': 96.32, 'class_label': 'bicycle'}, {'class_id': 42, 'bbox_x': 171.87, 'bbox_y': 209.7, 'bbox_w': 81.34, 'bbox_h': 54.23, 'class_label': 'tennis racket'}]"
000000108253,data/coco2017/subset/000000108253.jpg,"[{'class_id': 44, 'bbox_x': 242.77, 'bbox_y': 0.0, 'bbox_w': 123.81, 'bbox_h': 319.58, 'class_label': None}, {'class_id': 67, 'bbox_x': 1.44, 'bbox_y': 1.44, 'bbox_w': 478.56, 'bbox_h': 631.37, 'class_label': None}, {'class_id': 47, 'bbox_x': 0.9, 'bbox_y': 0.36, 'bbox_w': 81.95, 'bbox_h': 117.13, 'class_label': 'fork'}, {'class_id': 48, 'bbox_x': 188.06, 'bbox_y': 240.49, 'bbox_w': 25.67, 'bbox_h': 14.48, 'class_label': 'knife'}, {'class_id': 59, 'bbox_x': 122.44, 'bbox_y': 354.91, 'bbox_w': 357.56, 'bbox_h': 245.12, 'class_label': 'donut'}, {'class_id': 59, 'bbox_x': 110.55, 'bbox_y': 270.43, 'bbox_w': 145.57, 'bbox_h': 70.14, 'class_label': 'donut'}, {'class_id': 50, 'bbox_x': 471.93, 'bbox_y': 239.2, 'bbox_w': 8.07, 'bbox_h': 9.16, 'class_label': 'bowl'}, {'class_id': 59, 'bbox_x': 0.98, 'bbox_y': 363.98, 'bbox_w': 131.76, 'bbox_h': 31.5, 'class_label': 'donut'}, {'class_id': 59, 'bbox_x': 189.0, 'bbox_y': 295.36, 'bbox_w': 71.12, 'bbox_h': 59.42, 'class_label': 'donut'}, {'class_id': 1, 'bbox_x': 0.0, 'bbox_y': 33.22, 'bbox_w': 159.89, 'bbox_h': 285.64, 'class_label': 'bicycle'}, {'class_id': 49, 'bbox_x': 16.62, 'bbox_y': 304.21, 'bbox_w': 111.38, 'bbox_h': 14.96, 'class_label': 'spoon'}, {'class_id': 44, 'bbox_x': 420.12, 'bbox_y': 241.38, 'bbox_w': 59.88, 'bbox_h': 101.44, 'class_label': None}, {'class_id': 59, 'bbox_x': 114.31, 'bbox_y': 270.66, 'bbox_w': 102.41, 'bbox_h': 49.33, 'class_label': 'donut'}]"
000000572620,data/coco2017/subset/000000572620.jpg,"[{'class_id': 44, 'bbox_x': 550.34, 'bbox_y': 364.38, 'bbox_w': 23.55, 'bbox_h': 10.29, 'class_label': None}, {'class_id': 41, 'bbox_x': 330.49, 'bbox_y': 225.27, 'bbox_w': 62.31, 'bbox_h': 66.08, 'class_label': 'surfboard'}, {'class_id': 1, 'bbox_x': 11.26, 'bbox_y': 244.98, 'bbox_w': 32.24, 'bbox_h': 55.38, 'class_label': 'bicycle'}, {'class_id': 1, 'bbox_x': 40.13, 'bbox_y': 246.91, 'bbox_w': 31.12, 'bbox_h': 53.25, 'class_label': 'bicycle'}, {'class_id': 1, 'bbox_x': 277.31, 'bbox_y': 91.16, 'bbox_w': 111.31, 'bbox_h': 191.91, 'class_label': 'bicycle'}, {'class_id': 1, 'bbox_x': 405.65, 'bbox_y': 210.53, 'bbox_w': 34.99, 'bbox_h': 67.19, 'class_label': 'bicycle'}, {'class_id': 1, 'bbox_x': 478.82, 'bbox_y': 196.71, 'bbox_w': 34.54, 'bbox_h': 94.99, 'class_label': 'bicycle'}, {'class_id': 1, 'bbox_x': 110.06, 'bbox_y': 243.56, 'bbox_w': 19.53, 'bbox_h': 42.31, 'class_label': 'bicycle'}, {'class_id': 1, 'bbox_x': 437.56, 'bbox_y': 186.82, 'bbox_w': 48.93, 'bbox_h': 141.05, 'class_label': 'bicycle'}, {'class_id': 1, 'bbox_x': 276.76, 'bbox_y': 228.11, 'bbox_w': 28.56, 'bbox_h': 71.28, 'class_label': 'bicycle'}, {'class_id': 1, 'bbox_x': 111.93, 'bbox_y': 287.64, 'bbox_w': 39.63, 'bbox_h': 45.14, 'class_label': 'bicycle'}, {'class_id': 41, 'bbox_x': 276.23, 'bbox_y': 280.0, 'bbox_w': 25.05, 'bbox_h': 18.23, 'class_label': 'surfboard'}, {'class_id': 1, 'bbox_x': 74.66, 'bbox_y': 260.34, 'bbox_w': 35.6, 'bbox_h': 53.13, 'class_label': 'bicycle'}, {'class_id': 1, 'bbox_x': 550.36, 'bbox_y': 156.27, 'bbox_w': 55.51, 'bbox_h': 75.31, 'class_label': 'bicycle'}, {'class_id': 1, 'bbox_x': 581.16, 'bbox_y': 107.58, 'bbox_w': 57.68, 'bbox_h': 296.13, 'class_label': 'bicycle'}, {'class_id': 1, 'bbox_x': 159.91, 'bbox_y': 252.43, 'bbox_w': 20.03, 'bbox_h': 30.61, 'class_label': 'bicycle'}, {'class_id': 1, 'bbox_x': 7, 'bbox_y': 131, 'bbox_w': 611, 'bbox_h': 224, 'class_label': 'bicycle'}]"
000000510095,data/coco2017/subset/000000510095.jpg,"[{'class_id': 1, 'bbox_x': 424.14, 'bbox_y': 133.09, 'bbox_w': 114.97, 'bbox_h': 228.97, 'class_label': 'bicycle'}, {'class_id': 39, 'bbox_x': 517.3, 'bbox_y': 92.01, 'bbox_w': 14.66, 'bbox_h': 113.45, 'class_label': 'baseball glove'}, {'class_id': 11, 'bbox_x': 445.94, 'bbox_y': 32.87, 'bbox_w': 8.11, 'bbox_h': 13.69, 'class_label': None}]"
000000524456,data/coco2017/subset/000000524456.jpg,"[{'class_id': 73, 'bbox_x': 0.65, 'bbox_y': 2.7, 'bbox_w': 419.38, 'bbox_h': 255.42, 'class_label': 'mouse'}, {'class_id': 74, 'bbox_x': 368.9, 'bbox_y': 349.3, 'bbox_w': 215.73, 'bbox_h': 83.06, 'class_label': 'remote'}, {'class_id': 76, 'bbox_x': 59.33, 'bbox_y': 83.13, 'bbox_w': 294.47, 'bbox_h': 158.56, 'class_label': 'cell phone'}, {'class_id': 1, 'bbox_x': 120.89, 'bbox_y': 0.0, 'bbox_w': 515.55, 'bbox_h': 298.67, 'class_label': 'bicycle'}, {'class_id': 1, 'bbox_x': 375.7, 'bbox_y': 269.86, 'bbox_w': 264.3, 'bbox_h': 181.33, 'class_label': 'bicycle'}, {'class_id': 31, 'bbox_x': 517.16, 'bbox_y': 121.89, 'bbox_w': 80.61, 'bbox_h': 83.9, 'class_label': 'tie'}]"
000000098839,data/coco2017/subset/000000098839.jpg,"[{'class_id': 72, 'bbox_x': 50.7, 'bbox_y': 59.4, 'bbox_w': 518.83, 'bbox_h': 354.87, 'class_label': 'laptop'}, {'class_id': 17, 'bbox_x': 112.27, 'bbox_y': 113.92, 'bbox_w': 287.39, 'bbox_h': 360.52, 'class_label': 'dog'}, {'class_id': 51, 'bbox_x': 431.27, 'bbox_y': 274.67, 'bbox_w': 61.27, 'bbox_h': 23.57, 'class_label': 'banana'}]"
000000397639,data/coco2017/subset/000000397639.jpg,"[{'class_id': 20, 'bbox_x': 383.31, 'bbox_y': 256.29, 'bbox_w': 96.31, 'bbox_h': 147.67, 'class_label': 'cow'}, {'class_id': 20, 'bbox_x': 232.79, 'bbox_y': 178.82, 'bbox_w': 150.39, 'bbox_h': 218.36, 'class_label': 'cow'}]"
000000464522,data/coco2017/subset/000000464522.jpg,"[{'class_id': 18, 'bbox_x': 0.0, 'bbox_y': 104.29, 'bbox_w': 329.07, 'bbox_h': 404.21, 'class_label': 'horse'}, {'class_id': 18, 'bbox_x': 155.33, 'bbox_y': 2.88, 'bbox_w': 338.67, 'bbox_h': 628.49, 'class_label': 'horse'}]"
000000519522,data/coco2017/subset/000000519522.jpg,"[{'class_id': 85, 'bbox_x': 108.34, 'bbox_y': 246.61, 'bbox_w': 42.15, 'bbox_h': 53.09, 'class_label': 'vase'}, {'class_id': 85, 'bbox_x': 172.86, 'bbox_y': 247.69, 'bbox_w': 32.9, 'bbox_h': 48.11, 'class_label': 'vase'}, {'class_id': 85, 'bbox_x': 369.81, 'bbox_y': 400.89, 'bbox_w': 9.09, 'bbox_h': 17.61, 'class_label': 'vase'}]"
000000259097,data/coco2017/subset/000000259097.jpg,"[{'class_id': 1, 'bbox_x': 193.07, 'bbox_y': 142.93, 'bbox_w': 40.4, 'bbox_h': 114.49, 'class_label': 'bicycle'}, {'class_id': 34, 'bbox_x': 203.37, 'bbox_y': 120.02, 'bbox_w': 14.44, 'bbox_h': 4.04, 'class_label': 'skis'}]"
000000423617,data/coco2017/subset/000000423617.jpg,"[{'class_id': 3, 'bbox_x': 126.5, 'bbox_y': 289.96, 'bbox_w': 138.04, 'bbox_h': 111.74, 'class_label': 'motorcycle'}, {'class_id': 3, 'bbox_x': 408.41, 'bbox_y': 341.33, 'bbox_w': 156.82, 'bbox_h': 124.89, 'class_label': 'motorcycle'}, {'class_id': 4, 'bbox_x': 14.87, 'bbox_y': 80.05, 'bbox_w': 18.2, 'bbox_h': 26.83, 'class_label': 'airplane'}, {'class_id': 6, 'bbox_x': 150.34, 'bbox_y': 118.22, 'bbox_w': 292.08, 'bbox_h': 221.21, 'class_label': 'train'}, {'class_id': 6, 'bbox_x': 50.7, 'bbox_y': 42.07, 'bbox_w': 154.24, 'bbox_h': 159.64, 'class_label': 'train'}, {'class_id': 1, 'bbox_x': 15.1, 'bbox_y': 61.64, 'bbox_w': 17.22, 'bbox_h': 38.5, 'class_label': 'bicycle'}, {'class_id': 3, 'bbox_x': 336.94, 'bbox_y': 467.0, 'bbox_w': 118.44, 'bbox_h': 13.0, 'class_label': 'motorcycle'}, {'class_id': 1, 'bbox_x': 120.95, 'bbox_y': 116.3, 'bbox_w': 23.56, 'bbox_h': 21.0, 'class_label': 'bicycle'}, {'class_id': 1, 'bbox_x': 323.18, 'bbox_y': 247.13, 'bbox_w': 20.87, 'bbox_h': 23.04, 'class_label': 'bicycle'}, {'class_id': 1, 'bbox_x': 159.88, 'bbox_y': 313.56, 'bbox_w': 29.45, 'bbox_h': 25.09, 'class_label': 'bicycle'}, {'class_id': 1, 'bbox_x': 451.59, 'bbox_y': 368.44, 'bbox_w': 34.48, 'bbox_h': 22.21, 'class_label': 'bicycle'}, {'class_id': 3, 'bbox_x': 0.0, 'bbox_y': 153.35, 'bbox_w': 56.1, 'bbox_h': 68.57, 'class_label': 'motorcycle'}]"
000000311190,data/coco2017/subset/000000311190.jpg,"[{'class_id': 18, 'bbox_x': 43.43, 'bbox_y': 150.51, 'bbox_w': 284.85, 'bbox_h': 341.41, 'class_label': 'horse'}, {'class_id': 1, 'bbox_x': 0.0, 'bbox_y': 45.65, 'bbox_w': 24.29, 'bbox_h': 113.74, 'class_label': 'bicycle'}]"
000000414795,data/coco2017/subset/000000414795.jpg,"[{'class_id': 1, 'bbox_x': 220.04, 'bbox_y': 345.17, 'bbox_w': 119.74, 'bbox_h': 129.44, 'class_label': 'bicycle'}, {'class_id': 1, 'bbox_x': 53.69, 'bbox_y': 413.53, 'bbox_w': 61.21, 'bbox_h': 61.2, 'class_label': 'bicycle'}, {'class_id': 1, 'bbox_x': 347.1, 'bbox_y': 366.72, 'bbox_w': 90.73, 'bbox_h': 113.28, 'class_label': 'bicycle'}, {'class_id': 1, 'bbox_x': 108.9, 'bbox_y': 411.19, 'bbox_w': 98.75, 'bbox_h': 68.81, 'class_label': 'bicycle'}, {'class_id': 1, 'bbox_x': 96.26, 'bbox_y': 142.02, 'bbox_w': 42.91, 'bbox_h': 74.21, 'class_label': 'bicycle'}, {'class_id': 22, 'bbox_x': 77.11, 'bbox_y': 265.29, 'bbox_w': 212.58, 'bbox_h': 101.78, 'class_label': 'bear'}, {'class_id': 22, 'bbox_x': 618.14, 'bbox_y': 154.44, 'bbox_w': 21.86, 'bbox_h': 37.48, 'class_label': 'bear'}, {'class_id': 22, 'bbox_x': 130.52, 'bbox_y': 189.84, 'bbox_w': 147.77, 'bbox_h': 79.82, 'class_label': 'bear'}, {'class_id': 22, 'bbox_x': 252.4, 'bbox_y': 240.54, 'bbox_w': 174.75, 'bbox_h': 88.45, 'class_label': 'bear'}, {'class_id': 22, 'bbox_x': 329.73, 'bbox_y': 216.94, 'bbox_w': 158.26, 'bbox_h': 75.76, 'class_label': 'bear'}, {'class_id': 22, 'bbox_x': 416.13, 'bbox_y': 287.77, 'bbox_w': 190.91, 'bbox_h': 119.13, 'class_label': 'bear'}, {'class_id': 22, 'bbox_x': 270.57, 'bbox_y': 312.69, 'bbox_w': 157.82, 'bbox_h': 94.95, 'class_label': 'bear'}, {'class_id': 22, 'bbox_x': 419.12, 'bbox_y': 390.7, 'bbox_w': 103.81, 'bbox_h': 78.76, 'class_label': 'bear'}, {'class_id': 22, 'bbox_x': 1.08, 'bbox_y': 360.27, 'bbox_w': 196.31, 'bbox_h': 76.58, 'class_label': 'bear'}, {'class_id': 22, 'bbox_x': 441.98, 'bbox_y': 46.36, 'bbox_w': 50.06, 'bbox_h': 44.89, 'class_label': 'bear'}, {'class_id': 22, 'bbox_x': 427.11, 'bbox_y': 137.94, 'bbox_w': 116.0, 'bbox_h': 54.35, 'class_label': 'bear'}, {'class_id': 22, 'bbox_x': 386.73, 'bbox_y': 63.24, 'bbox_w': 32.17, 'bbox_h': 22.82, 'class_label': 'bear'}, {'class_id': 1, 'bbox_x': 535.65, 'bbox_y': 400.67, 'bbox_w': 88.19, 'bbox_h': 79.33, 'class_label': 'bicycle'}, {'class_id': 1, 'bbox_x': 479.9, 'bbox_y': 457.87, 'bbox_w': 35.66, 'bbox_h': 21.74, 'class_label': 'bicycle'}, {'class_id': 22, 'bbox_x': 336.7, 'bbox_y': 93.55, 'bbox_w': 72.13, 'bbox_h': 56.42, 'class_label': 'bear'}, {'class_id': 22, 'bbox_x': 1, 'bbox_y': 0, 'bbox_w': 638, 'bbox_h': 479, 'class_label': 'bear'}]"
000000449996,data/coco2017/subset/000000449996.jpg,"[{'class_id': 5, 'bbox_x': 130.72, 'bbox_y': 249.04, 'bbox_w': 130.37, 'bbox_h': 43.26, 'class_label': 'bus'}, {'class_id': 5, 'bbox_x': 112.61, 'bbox_y': 293.01, 'bbox_w': 122.47, 'bbox_h': 46.79, 'class_label': 'bus'}, {'class_id': 5, 'bbox_x': 392.1, 'bbox_y': 271.41, 'bbox_w': 73.93, 'bbox_h': 23.32, 'class_label': 'bus'}, {'class_id': 5, 'bbox_x': 501.68, 'bbox_y': 282.09, 'bbox_w': 61.56, 'bbox_h': 16.23, 'class_label': 'bus'}, {'class_id': 5, 'bbox_x': 557.24, 'bbox_y': 259.69, 'bbox_w': 82.76, 'bbox_h': 36.85, 'class_label': 'bus'}, {'class_id': 5, 'bbox_x': 133.04, 'bbox_y': 375.55, 'bbox_w': 75.98, 'bbox_h': 52.45, 'class_label': 'bus'}, {'class_id': 5, 'bbox_x': 444.76, 'bbox_y': 112.64, 'bbox_w': 54.43, 'bbox_h': 16.95, 'class_label': 'bus'}, {'class_id': 8, 'bbox_x': 380.65, 'bbox_y': 308.93, 'bbox_w': 20.51, 'bbox_h': 9.01, 'class_label': 'boat'}, {'class_id': 8, 'bbox_x': 474.16, 'bbox_y': 317.27, 'bbox_w': 24.19, 'bbox_h': 8.11, 'class_label': 'boat'}, {'class_id': 8, 'bbox_x': 332.53, 'bbox_y': 297.99, 'bbox_w': 43.85, 'bbox_h': 18.55, 'class_label': 'boat'}, {'class_id': 8, 'bbox_x': 457.51, 'bbox_y': 313.0, 'bbox_w': 14.52, 'bbox_h': 7.08, 'class_label': 'boat'}]"
000000159458,data/coco2017/subset/000000159458.jpg,"[{'class_id': 18, 'bbox_x': 220.02, 'bbox_y': 217.2, 'bbox_w': 91.1, 'bbox_h': 35.23, 'class_label': 'horse'}, {'class_id': 65, 'bbox_x': 112.18, 'bbox_y': 162.95, 'bbox_w': 404.49, 'bbox_h': 300.94, 'class_label': None}, {'class_id': 62, 'bbox_x': 525.05, 'bbox_y': 246.78, 'bbox_w': 114.95, 'bbox_h': 182.13, 'class_label': 'couch'}]"
000000365521,data/coco2017/subset/000000365521.jpg,"[{'class_id': 1, 'bbox_x': 214.76, 'bbox_y': 37.69, 'bbox_w': 188.87, 'bbox_h': 216.15, 'class_label': 'bicycle'}, {'class_id': 1, 'bbox_x': 268.62, 'bbox_y': 258.29, 'bbox_w': 29.27, 'bbox_h': 61.79, 'class_label': 'bicycle'}, {'class_id': 1, 'bbox_x': 312.59, 'bbox_y': 289.51, 'bbox_w': 27.81, 'bbox_h': 39.91, 'class_label': 'bicycle'}, {'class_id': 1, 'bbox_x': 337.85, 'bbox_y': 274.6, 'bbox_w': 32.99, 'bbox_h': 60.87, 'class_label': 'bicycle'}, {'class_id': 1, 'bbox_x': 365.8, 'bbox_y': 298.9, 'bbox_w': 24.03, 'bbox_h': 40.05, 'class_label': 'bicycle'}, {'class_id': 1, 'bbox_x': 399.19, 'bbox_y': 306.35, 'bbox_w': 25.24, 'bbox_h': 33.87, 'class_label': 'bicycle'}, {'class_id': 1, 'bbox_x': 105.41, 'bbox_y': 164.24, 'bbox_w': 57.01, 'bbox_h': 124.77, 'class_label': 'bicycle'}, {'class_id': 1, 'bbox_x': 13.21, 'bbox_y': 139.98, 'bbox_w': 38.68, 'bbox_h': 89.12, 'class_label': 'bicycle'}, {'class_id': 41, 'bbox_x': 218.02, 'bbox_y': 243.68, 'bbox_w': 108.15, 'bbox_h': 31.43, 'class_label': 'surfboard'}, {'class_id': 1, 'bbox_x': 240.31, 'bbox_y': 269.93, 'bbox_w': 33.26, 'bbox_h': 44.95, 'class_label': 'bicycle'}, {'class_id': 1, 'bbox_x': 296.89, 'bbox_y': 289.23, 'bbox_w': 18.38, 'bbox_h': 35.54, 'class_label': 'bicycle'}, {'class_id': 1, 'bbox_x': 57.88, 'bbox_y': 195.97, 'bbox_w': 43.5, 'bbox_h': 52.65, 'class_label': 'bicycle'}, {'class_id': 1, 'bbox_x': 200.31, 'bbox_y': 207.7, 'bbox_w': 32.45, 'bbox_h': 32.17, 'class_label': 'bicycle'}, {'class_id': 1, 'bbox_x': 289.09, 'bbox_y': 281.45, 'bbox_w': 24.41, 'bbox_h': 39.1, 'class_label': 'bicycle'}]"
000000201426,data/coco2017/subset/000000201426.jpg,"[{'class_id': 62, 'bbox_x': 379.89, 'bbox_y': 266.14, 'bbox_w': 44.04, 'bbox_h': 101.3, 'class_label': 'couch'}, {'class_id': 67, 'bbox_x': 0.0, 'bbox_y': 349.06, 'bbox_w': 638.65, 'bbox_h': 131.03, 'class_label': None}, {'class_id': 1, 'bbox_x': 387.6, 'bbox_y': 64.97, 'bbox_w': 252.4, 'bbox_h': 338.04, 'class_label': 'bicycle'}, {'class_id': 47, 'bbox_x': 49.44, 'bbox_y': 303.89, 'bbox_w': 119.75, 'bbox_h': 154.91, 'class_label': 'fork'}, {'class_id': 47, 'bbox_x': 490.05, 'bbox_y': 276.6, 'bbox_w': 100.11, 'bbox_h': 123.44, 'class_label': 'fork'}, {'class_id': 59, 'bbox_x': 221.33, 'bbox_y': 386.49, 'bbox_w': 189.39, 'bbox_h': 59.47, 'class_label': 'donut'}, {'class_id': 61, 'bbox_x': 0.0, 'bbox_y': 159.16, 'bbox_w': 72.75, 'bbox_h': 53.22, 'class_label': 'chair'}, {'class_id': 1, 'bbox_x': 0.0, 'bbox_y': 6.61, 'bbox_w': 298.4, 'bbox_h': 404.11, 'class_label': 'bicycle'}, {'class_id': 62, 'bbox_x': 380.05, 'bbox_y': 262.28, 'bbox_w': 55.78, 'bbox_h': 109.6, 'class_label': 'couch'}]"
000000141328,data/coco2017/subset/000000141328.jpg,"[{'class_id': 50, 'bbox_x': 471.41, 'bbox_y': 2.25, 'bbox_w': 102.01, 'bbox_h': 125.64, 'class_label': 'bowl'}, {'class_id': 51, 'bbox_x': 1.08, 'bbox_y': 0.54, 'bbox_w': 638.92, 'bbox_h': 473.51, 'class_label': 'banana'}, {'class_id': 56, 'bbox_x': 443.86, 'bbox_y': 179.65, 'bbox_w': 108.42, 'bbox_h': 120.85, 'class_label': 'carrot'}, {'class_id': 56, 'bbox_x': 370.52, 'bbox_y': 143.54, 'bbox_w': 65.54, 'bbox_h': 73.51, 'class_label': 'carrot'}, {'class_id': 56, 'bbox_x': 76.54, 'bbox_y': 3.79, 'bbox_w': 139.19, 'bbox_h': 60.34, 'class_label': 'carrot'}, {'class_id': 56, 'bbox_x': 374.96, 'bbox_y': 1.13, 'bbox_w': 66.64, 'bbox_h': 55.34, 'class_label': 'carrot'}, {'class_id': 56, 'bbox_x': 185.5, 'bbox_y': 237.32, 'bbox_w': 77.87, 'bbox_h': 36.42, 'class_label': 'carrot'}, {'class_id': 56, 'bbox_x': 35.25, 'bbox_y': 346.68, 'bbox_w': 138.59, 'bbox_h': 103.27, 'class_label': 'carrot'}, {'class_id': 56, 'bbox_x': 447.4, 'bbox_y': 296.88, 'bbox_w': 79.81, 'bbox_h': 76.44, 'class_label': 'carrot'}, {'class_id': 56, 'bbox_x': 7.55, 'bbox_y': 187.69, 'bbox_w': 111.1, 'bbox_h': 168.27, 'class_label': 'carrot'}, {'class_id': 56, 'bbox_x': 136.06, 'bbox_y': 78.14, 'bbox_w': 46.43, 'bbox_h': 88.27, 'class_label': 'carrot'}, {'class_id': 56, 'bbox_x': 218.24, 'bbox_y': 5.74, 'bbox_w': 28.15, 'bbox_h': 45.18, 'class_label': 'carrot'}, {'class_id': 56, 'bbox_x': 28.74, 'bbox_y': 415.14, 'bbox_w': 78.88, 'bbox_h': 64.86, 'class_label': 'carrot'}, {'class_id': 56, 'bbox_x': 5.0, 'bbox_y': 164.38, 'bbox_w': 77.5, 'bbox_h': 77.5, 'class_label': 'carrot'}, {'class_id': 56, 'bbox_x': 0.46, 'bbox_y': 430.91, 'bbox_w': 34.26, 'bbox_h': 49.09, 'class_label': 'carrot'}, {'class_id': 56, 'bbox_x': 116, 'bbox_y': 274, 'bbox_w': 513, 'bbox_h': 94, 'class_label': 'carrot'}]"
000000125572,data/coco2017/subset/000000125572.jpg,"[{'class_id': 2, 'bbox_x': 366.1, 'bbox_y': 359.97, 'bbox_w': 95.59, 'bbox_h': 67.03, 'class_label': 'car'}, {'class_id': 6, 'bbox_x': 47.02, 'bbox_y': 313.77, 'bbox_w': 79.64, 'bbox_h': 40.3, 'class_label': 'train'}, {'class_id': 1, 'bbox_x': 305.46, 'bbox_y': 335.83, 'bbox_w': 10.86, 'bbox_h': 26.24, 'class_label': 'bicycle'}, {'class_id': 1, 'bbox_x': 248.7, 'bbox_y': 335.28, 'bbox_w': 7.36, 'bbox_h': 26.81, 'class_label': 'bicycle'}, {'class_id': 1, 'bbox_x': 237.5, 'bbox_y': 336.79, 'bbox_w': 6.53, 'bbox_h': 24.6, 'class_label': 'bicycle'}, {'class_id': 1, 'bbox_x': 393.56, 'bbox_y': 315.76, 'bbox_w': 41.89, 'bbox_h': 102.55, 'class_label': 'bicycle'}, {'class_id': 1, 'bbox_x': 448.95, 'bbox_y': 336.08, 'bbox_w': 10.16, 'bbox_h': 12.16, 'class_label': 'bicycle'}, {'class_id': 1, 'bbox_x': 150.29, 'bbox_y': 336.74, 'bbox_w': 7.27, 'bbox_h': 19.25, 'class_label': 'bicycle'}, {'class_id': 1, 'bbox_x': 183.64, 'bbox_y': 341.12, 'bbox_w': 8.73, 'bbox_h': 15.09, 'class_label': 'bicycle'}, {'class_id': 85, 'bbox_x': 70.7, 'bbox_y': 110.55, 'bbox_w': 28.94, 'bbox_h': 27.07, 'class_label': 'vase'}, {'class_id': 85, 'bbox_x': 45.75, 'bbox_y': 112.19, 'bbox_w': 9.28, 'bbox_h': 24.25, 'class_label': 'vase'}, {'class_id': 8, 'bbox_x': 559.66, 'bbox_y': 305.23, 'bbox_w': 80.2, 'bbox_h': 55.92, 'class_label': 'boat'}, {'class_id': 8, 'bbox_x': 534.45, 'bbox_y': 319.16, 'bbox_w': 37.92, 'bbox_h': 37.92, 'class_label': 'boat'}, {'class_id': 10, 'bbox_x': 157.73, 'bbox_y': 289.08, 'bbox_w': 8.87, 'bbox_h': 31.28, 'class_label': 'fire hydrant'}, {'class_id': 10, 'bbox_x': 304.56, 'bbox_y': 311.69, 'bbox_w': 13.01, 'bbox_h': 14.67, 'class_label': 'fire hydrant'}, {'class_id': 1, 'bbox_x': 127.0, 'bbox_y': 333.19, 'bbox_w': 8.77, 'bbox_h': 34.63, 'class_label': 'bicycle'}, {'class_id': 1, 'bbox_x': 85.82, 'bbox_y': 336.23, 'bbox_w': 16.91, 'bbox_h': 33.27, 'class_label': 'bicycle'}, {'class_id': 6, 'bbox_x': 16.42, 'bbox_y': 320.48, 'bbox_w': 31.9, 'bbox_h': 31.55, 'class_label': 'train'}, {'class_id': 10, 'bbox_x': 318.03, 'bbox_y': 315.94, 'bbox_w': 4.97, 'bbox_h': 8.95, 'class_label': 'fire hydrant'}, {'class_id': 10, 'bbox_x': 212.64, 'bbox_y': 312.06, 'bbox_w': 11.67, 'bbox_h': 13.44, 'class_label': 'fire hydrant'}, {'class_id': 1, 'bbox_x': 253.52, 'bbox_y': 335.38, 'bbox_w': 7.71, 'bbox_h': 25.88, 'class_label': 'bicycle'}, {'class_id': 1, 'bbox_x': 132.19, 'bbox_y': 335.82, 'bbox_w': 19.77, 'bbox_h': 32.18, 'class_label': 'bicycle'}, {'class_id': 4, 'bbox_x': 490.51, 'bbox_y': 342.49, 'bbox_w': 17.09, 'bbox_h': 18.02, 'class_label': 'airplane'}, {'class_id': 31, 'bbox_x': 428.85, 'bbox_y': 364.21, 'bbox_w': 28.38, 'bbox_h': 18.0, 'class_label': 'tie'}, {'class_id': 1, 'bbox_x': 441.44, 'bbox_y': 338.52, 'bbox_w': 5.9, 'bbox_h': 19.44, 'class_label': 'bicycle'}, {'class_id': 27, 'bbox_x': 308.11, 'bbox_y': 340.01, 'bbox_w': 7.24, 'bbox_h': 11.45, 'class_label': 'umbrella'}, {'class_id': 1, 'bbox_x': 277.72, 'bbox_y': 335.56, 'bbox_w': 7.56, 'bbox_h': 27.74, 'class_label': 'bicycle'}, {'class_id': 4, 'bbox_x': 219.79, 'bbox_y': 346.66, 'bbox_w': 15.37, 'bbox_h': 10.69, 'class_label': 'airplane'}, {'class_id': 1, 'bbox_x': 21, 'bbox_y': 333, 'bbox_w': 520, 'bbox_h': 40, 'class_label': 'bicycle'}]"
000000529939,data/coco2017/subset/000000529939.jpg,"[{'class_id': 1, 'bbox_x': 452.88, 'bbox_y': 149.26, 'bbox_w': 84.95, 'bbox_h': 245.18, 'class_label': 'bicycle'}, {'class_id': 42, 'bbox_x': 420.28, 'bbox_y': 137.91, 'bbox_w': 89.22, 'bbox_h': 177.37, 'class_label': 'tennis racket'}, {'class_id': 42, 'bbox_x': 300.42, 'bbox_y': 82.45, 'bbox_w': 55.34, 'bbox_h': 236.04, 'class_label': 'tennis racket'}, {'class_id': 42, 'bbox_x': 266.13, 'bbox_y': 185.54, 'bbox_w': 50.75, 'bbox_h': 137.3, 'class_label': 'tennis racket'}, {'class_id': 42, 'bbox_x': 257.68, 'bbox_y': 128.96, 'bbox_w': 44.26, 'bbox_h': 99.43, 'class_label': 'tennis racket'}, {'class_id': 42, 'bbox_x': 253.01, 'bbox_y': 86.14, 'bbox_w': 44.16, 'bbox_h': 112.42, 'class_label': 'tennis racket'}, {'class_id': 42, 'bbox_x': 220.87, 'bbox_y': 109.89, 'bbox_w': 34.48, 'bbox_h': 85.04, 'class_label': 'tennis racket'}, {'class_id': 42, 'bbox_x': 443.86, 'bbox_y': 178.1, 'bbox_w': 30.49, 'bbox_h': 114.07, 'class_label': 'tennis racket'}, {'class_id': 42, 'bbox_x': 355.66, 'bbox_y': 158.62, 'bbox_w': 38.75, 'bbox_h': 51.41, 'class_label': 'tennis racket'}, {'class_id': 42, 'bbox_x': 360.19, 'bbox_y': 134.7, 'bbox_w': 33.43, 'bbox_h': 50.63, 'class_label': 'tennis racket'}, {'class_id': 42, 'bbox_x': 352.35, 'bbox_y': 72.78, 'bbox_w': 63.34, 'bbox_h': 229.5, 'class_label': 'tennis racket'}, {'class_id': 42, 'bbox_x': 527.25, 'bbox_y': 142.34, 'bbox_w': 20.99, 'bbox_h': 77.59, 'class_label': 'tennis racket'}, {'class_id': 42, 'bbox_x': 353.0, 'bbox_y': 192.49, 'bbox_w': 51.06, 'bbox_h': 133.73, 'class_label': 'tennis racket'}, {'class_id': 42, 'bbox_x': 21.21, 'bbox_y': 180.21, 'bbox_w': 51.01, 'bbox_h': 175.54, 'class_label': 'tennis racket'}]"
000000136355,data/coco2017/subset/000000136355.jpg,"[{'class_id': 64, 'bbox_x': 513.2, 'bbox_y': 84.47, 'bbox_w': 90.76, 'bbox_h': 70.59, 'class_label': 'bed'}, {'class_id': 64, 'bbox_x': 328.17, 'bbox_y': 0.96, 'bbox_w': 237.96, 'bbox_h': 186.15, 'class_label': 'bed'}, {'class_id': 64, 'bbox_x': 326.2, 'bbox_y': 123.56, 'bbox_w': 55.63, 'bbox_h': 63.12, 'class_label': 'bed'}, {'class_id': 64, 'bbox_x': 448.77, 'bbox_y': 175.76, 'bbox_w': 64.45, 'bbox_h': 123.0, 'class_label': 'bed'}, {'class_id': 62, 'bbox_x': 362.44, 'bbox_y': 235.86, 'bbox_w': 44.27, 'bbox_h': 185.38, 'class_label': 'couch'}, {'class_id': 62, 'bbox_x': 46.11, 'bbox_y': 254.31, 'bbox_w': 94.99, 'bbox_h': 166.93, 'class_label': 'couch'}, {'class_id': 62, 'bbox_x': 180.68, 'bbox_y': 223.58, 'bbox_w': 29.9, 'bbox_h': 39.88, 'class_label': 'couch'}, {'class_id': 67, 'bbox_x': 74.35, 'bbox_y': 249.17, 'bbox_w': 313.47, 'bbox_h': 172.81, 'class_label': None}, {'class_id': 82, 'bbox_x': 580.8, 'bbox_y': 74.6, 'bbox_w': 59.2, 'bbox_h': 346.76, 'class_label': None}, {'class_id': 44, 'bbox_x': 221.64, 'bbox_y': 87.5, 'bbox_w': 17.45, 'bbox_h': 26.91, 'class_label': None}, {'class_id': 51, 'bbox_x': 477.93, 'bbox_y': 287.33, 'bbox_w': 57.81, 'bbox_h': 36.51, 'class_label': 'banana'}, {'class_id': 51, 'bbox_x': 533.97, 'bbox_y': 288.44, 'bbox_w': 58.4, 'bbox_h': 30.49, 'class_label': 'banana'}, {'class_id': 86, 'bbox_x': 212.54, 'bbox_y': 241.87, 'bbox_w': 35.58, 'bbox_h': 60.59, 'class_label': 'scissors'}, {'class_id': 55, 'bbox_x': 491.32, 'bbox_y': 298.4, 'bbox_w': 15.99, 'bbox_h': 9.81, 'class_label': 'broccoli'}, {'class_id': 55, 'bbox_x': 508.3, 'bbox_y': 298.72, 'bbox_w': 17.26, 'bbox_h': 11.27, 'class_label': 'broccoli'}, {'class_id': 64, 'bbox_x': 183.0, 'bbox_y': 160.82, 'bbox_w': 92.05, 'bbox_h': 139.74, 'class_label': 'bed'}, {'class_id': 51, 'bbox_x': 242.88, 'bbox_y': 250.95, 'bbox_w': 44.79, 'bbox_h': 19.69, 'class_label': 'banana'}, {'class_id': 55, 'bbox_x': 554.66, 'bbox_y': 299.98, 'bbox_w': 14.53, 'bbox_h': 6.43, 'class_label': 'broccoli'}, {'class_id': 55, 'bbox_x': 566.52, 'bbox_y': 296.57, 'bbox_w': 14.47, 'bbox_h': 9.59, 'class_label': 'broccoli'}]"
000000351331,data/coco2017/subset/000000351331.jpg,"[{'class_id': 48, 'bbox_x': 548.19, 'bbox_y': 54.46, 'bbox_w': 87.47, 'bbox_h': 335.64, 'class_label': 'knife'}, {'class_id': 59, 'bbox_x': 77.66, 'bbox_y': 35.6, 'bbox_w': 434.7, 'bbox_h': 404.49, 'class_label': 'donut'}, {'class_id': 67, 'bbox_x': 2.49, 'bbox_y': 1.25, 'bbox_w': 637.09, 'bbox_h': 471.27, 'class_label': None}]"
000000504074,data/coco2017/subset/000000504074.jpg,"[{'class_id': 62, 'bbox_x': 484.13, 'bbox_y': 156.94, 'bbox_w': 85.36, 'bbox_h': 81.98, 'class_label': 'couch'}, {'class_id': 62, 'bbox_x': 40.3, 'bbox_y': 137.22, 'bbox_w': 106.51, 'bbox_h': 118.02, 'class_label': 'couch'}, {'class_id': 62, 'bbox_x': 320.75, 'bbox_y': 157.48, 'bbox_w': 86.26, 'bbox_h': 146.71, 'class_label': 'couch'}, {'class_id': 1, 'bbox_x': 100.02, 'bbox_y': 75.98, 'bbox_w': 103.86, 'bbox_h': 283.7, 'class_label': 'bicycle'}, {'class_id': 73, 'bbox_x': 249.48, 'bbox_y': 231.09, 'bbox_w': 156.41, 'bbox_h': 120.91, 'class_label': 'mouse'}, {'class_id': 46, 'bbox_x': 134.88, 'bbox_y': 192.44, 'bbox_w': 15.27, 'bbox_h': 32.08, 'class_label': 'cup'}, {'class_id': 62, 'bbox_x': 522.96, 'bbox_y': 198.63, 'bbox_w': 117.04, 'bbox_h': 223.57, 'class_label': 'couch'}, {'class_id': 62, 'bbox_x': 545.85, 'bbox_y': 199.45, 'bbox_w': 85.78, 'bbox_h': 206.99, 'class_label': 'couch'}, {'class_id': 1, 'bbox_x': 260.29, 'bbox_y': 87.37, 'bbox_w': 293.58, 'bbox_h': 339.63, 'class_label': 'bicycle'}]"
000000057027,data/coco2017/subset/000000057027.jpg,"[{'class_id': 22, 'bbox_x': 47.97, 'bbox_y': 24.47, 'bbox_w': 545.94, 'bbox_h': 383.78, 'class_label': 'bear'}, {'class_id': 22, 'bbox_x': 0.86, 'bbox_y': 1.31, 'bbox_w': 213.35, 'bbox_h': 194.19, 'class_label': 'bear'}, {'class_id': 22, 'bbox_x': 180.79, 'bbox_y': 262.04, 'bbox_w': 182.7, 'bbox_h': 142.32, 'class_label': 'bear'}, {'class_id': 22, 'bbox_x': 0.96, 'bbox_y': 174.23, 'bbox_w': 88.07, 'bbox_h': 201.99, 'class_label': 'bear'}]"
000000263796,data/coco2017/subset/000000263796.jpg,"[{'class_id': 70, 'bbox_x': 183.38, 'bbox_y': 261.98, 'bbox_w': 170.31, 'bbox_h': 330.34, 'class_label': None}]"
000000021167,data/coco2017/subset/000000021167.jpg,"[{'class_id': 1, 'bbox_x': 21.52, 'bbox_y': 114.73, 'bbox_w': 202.34, 'bbox_h': 510.85, 'class_label': 'bicycle'}, {'class_id': 46, 'bbox_x': 259.33, 'bbox_y': 297.48, 'bbox_w': 55.51, 'bbox_h': 80.59, 'class_label': 'cup'}, {'class_id': 32, 'bbox_x': 255.39, 'bbox_y': 172.64, 'bbox_w': 66.36, 'bbox_h': 115.19, 'class_label': 'suitcase'}, {'class_id': 1, 'bbox_x': 187.98, 'bbox_y': 38.89, 'bbox_w': 238.02, 'bbox_h': 601.11, 'class_label': 'bicycle'}]"
000000300039,data/coco2017/subset/000000300039.jpg,"[{'class_id': 44, 'bbox_x': 190.3, 'bbox_y': 127.67, 'bbox_w': 41.64, 'bbox_h': 131.24, 'class_label': None}, {'class_id': 44, 'bbox_x': 312.65, 'bbox_y': 1.54, 'bbox_w': 100.01, 'bbox_h': 166.41, 'class_label': None}, {'class_id': 77, 'bbox_x': 87.41, 'bbox_y': 93.29, 'bbox_w': 352.15, 'bbox_h': 239.53, 'class_label': 'microwave'}, {'class_id': 1, 'bbox_x': 0.0, 'bbox_y': 43.59, 'bbox_w': 193.28, 'bbox_h': 274.43, 'class_label': 'bicycle'}, {'class_id': 47, 'bbox_x': 151.85, 'bbox_y': 173.48, 'bbox_w': 38.67, 'bbox_h': 65.73, 'class_label': 'fork'}, {'class_id': 47, 'bbox_x': 199.97, 'bbox_y': 0.0, 'bbox_w': 102.91, 'bbox_h': 131.44, 'class_label': 'fork'}, {'class_id': 67, 'bbox_x': 325.25, 'bbox_y': 57.15, 'bbox_w': 174.75, 'bbox_h': 311.81, 'class_label': None}, {'class_id': 47, 'bbox_x': 436.0, 'bbox_y': 0.0, 'bbox_w': 64.0, 'bbox_h': 121.61, 'class_label': 'fork'}, {'class_id': 47, 'bbox_x': 222.85, 'bbox_y': 171.17, 'bbox_w': 42.63, 'bbox_h': 53.29, 'class_label': 'fork'}]"
000000450686,data/coco2017/subset/000000450686.jpg,"[{'class_id': 77, 'bbox_x': 166.14, 'bbox_y': 166.67, 'bbox_w': 200.81, 'bbox_h': 300.5, 'class_label': 'microwave'}, {'class_id': 1, 'bbox_x': 25.83, 'bbox_y': 173.06, 'bbox_w': 361.61, 'bbox_h': 466.94, 'class_label': 'bicycle'}]"
000000036494,data/coco2017/subset/000000036494.jpg,"[{'class_id': 44, 'bbox_x': 387.95, 'bbox_y': 345.38, 'bbox_w': 7.48, 'bbox_h': 22.82, 'class_label': None}, {'class_id': 44, 'bbox_x': 290.22, 'bbox_y': 287.46, 'bbox_w': 4.93, 'bbox_h': 13.9, 'class_label': None}, {'class_id': 44, 'bbox_x': 199.04, 'bbox_y': 199.6, 'bbox_w': 3.95, 'bbox_h': 9.13, 'class_label': None}, {'class_id': 85, 'bbox_x': 389.14, 'bbox_y': 38.85, 'bbox_w': 178.47, 'bbox_h': 212.61, 'class_label': 'vase'}, {'class_id': 67, 'bbox_x': 287.96, 'bbox_y': 356.36, 'bbox_w': 122.39, 'bbox_h': 60.56, 'class_label': None}, {'class_id': 1, 'bbox_x': 106.79, 'bbox_y': 220.36, 'bbox_w': 36.52, 'bbox_h': 61.03, 'class_label': 'bicycle'}, {'class_id': 1, 'bbox_x': 178.88, 'bbox_y': 266.03, 'bbox_w': 39.42, 'bbox_h': 122.83, 'class_label': 'bicycle'}, {'class_id': 1, 'bbox_x': 374.48, 'bbox_y': 291.93, 'bbox_w': 45.85, 'bbox_h': 64.95, 'class_label': 'bicycle'}, {'class_id': 1, 'bbox_x': 245.57, 'bbox_y': 255.01, 'bbox_w': 42.91, 'bbox_h': 93.13, 'class_label': 'bicycle'}, {'class_id': 1, 'bbox_x': 569.99, 'bbox_y': 283.23, 'bbox_w': 42.0, 'bbox_h': 47.06, 'class_label': 'bicycle'}, {'class_id': 1, 'bbox_x': 605.67, 'bbox_y': 276.63, 'bbox_w': 21.88, 'bbox_h': 34.78, 'class_label': 'bicycle'}, {'class_id': 51, 'bbox_x': 117.63, 'bbox_y': 279.85, 'bbox_w': 25.71, 'bbox_h': 18.47, 'class_label': 'banana'}, {'class_id': 67, 'bbox_x': 287.33, 'bbox_y': 297.01, 'bbox_w': 14.97, 'bbox_h': 15.23, 'class_label': None}, {'class_id': 67, 'bbox_x': 469.27, 'bbox_y': 282.94, 'bbox_w': 37.24, 'bbox_h': 13.03, 'class_label': None}, {'class_id': 67, 'bbox_x': 277.52, 'bbox_y': 271.89, 'bbox_w': 24.7, 'bbox_h': 7.63, 'class_label': None}, {'class_id': 67, 'bbox_x': 69.24, 'bbox_y': 338.95, 'bbox_w': 40.81, 'bbox_h': 30.78, 'class_label': None}, {'class_id': 67, 'bbox_x': 533.51, 'bbox_y': 317.45, 'bbox_w': 64.31, 'bbox_h': 23.0, 'class_label': None}, {'class_id': 67, 'bbox_x': 461.36, 'bbox_y': 260.3, 'bbox_w': 35.65, 'bbox_h': 16.19, 'class_label': None}, {'class_id': 67, 'bbox_x': 407.19, 'bbox_y': 342.12, 'bbox_w': 60.31, 'bbox_h': 18.81, 'class_label': None}, {'class_id': 67, 'bbox_x': 366.7, 'bbox_y': 254.18, 'bbox_w': 22.39, 'bbox_h': 4.46, 'class_label': None}, {'class_id': 67, 'bbox_x': 359.29, 'bbox_y': 281.01, 'bbox_w': 52.21, 'bbox_h': 18.28, 'class_label': None}, {'class_id': 67, 'bbox_x': 200.04, 'bbox_y': 251.77, 'bbox_w': 8.84, 'bbox_h': 9.22, 'class_label': None}, {'class_id': 86, 'bbox_x': 350.24, 'bbox_y': 212.48, 'bbox_w': 7.96, 'bbox_h': 20.66, 'class_label': 'scissors'}, {'class_id': 1, 'bbox_x': 404.05, 'bbox_y': 324.97, 'bbox_w': 53.87, 'bbox_h': 97.95, 'class_label': 'bicycle'}, {'class_id': 47, 'bbox_x': 286.93, 'bbox_y': 270.7, 'bbox_w': 4.76, 'bbox_h': 6.47, 'class_label': 'fork'}, {'class_id': 51, 'bbox_x': 307.14, 'bbox_y': 368.9, 'bbox_w': 23.91, 'bbox_h': 12.66, 'class_label': 'banana'}, {'class_id': 62, 'bbox_x': 415.44, 'bbox_y': 376.61, 'bbox_w': 47.4, 'bbox_h': 47.4, 'class_label': 'couch'}, {'class_id': 62, 'bbox_x': 364.79, 'bbox_y': 386.81, 'bbox_w': 50.27, 'bbox_h': 36.4, 'class_label': 'couch'}, {'class_id': 62, 'bbox_x': 271.61, 'bbox_y': 389.43, 'bbox_w': 53.31, 'bbox_h': 34.5, 'class_label': 'couch'}, {'class_id': 62, 'bbox_x': 34.55, 'bbox_y': 361.45, 'bbox_w': 70.69, 'bbox_h': 62.66, 'class_label': 'couch'}, {'class_id': 62, 'bbox_x': 487.62, 'bbox_y': 351.95, 'bbox_w': 35.96, 'bbox_h': 69.74, 'class_label': 'couch'}, {'class_id': 62, 'bbox_x': 616.05, 'bbox_y': 305.42, 'bbox_w': 13.44, 'bbox_h': 23.53, 'class_label': 'couch'}, {'class_id': 62, 'bbox_x': 360.24, 'bbox_y': 273.1, 'bbox_w': 19.39, 'bbox_h': 15.45, 'class_label': 'couch'}, {'class_id': 62, 'bbox_x': 377.47, 'bbox_y': 255.09, 'bbox_w': 19.04, 'bbox_h': 29.76, 'class_label': 'couch'}, {'class_id': 62, 'bbox_x': 391.89, 'bbox_y': 274.58, 'bbox_w': 18.36, 'bbox_h': 13.77, 'class_label': 'couch'}, {'class_id': 62, 'bbox_x': 533.27, 'bbox_y': 326.27, 'bbox_w': 28.99, 'bbox_h': 42.62, 'class_label': 'couch'}, {'class_id': 1, 'bbox_x': 315.38, 'bbox_y': 305.31, 'bbox_w': 65.63, 'bbox_h': 63.7, 'class_label': 'bicycle'}, {'class_id': 1, 'bbox_x': 401.14, 'bbox_y': 253.9, 'bbox_w': 24.33, 'bbox_h': 35.49, 'class_label': 'bicycle'}, {'class_id': 62, 'bbox_x': 207.92, 'bbox_y': 373.14, 'bbox_w': 57.11, 'bbox_h': 51.74, 'class_label': 'couch'}, {'class_id': 62, 'bbox_x': 569.85, 'bbox_y': 321.44, 'bbox_w': 43.69, 'bbox_h': 56.32, 'class_label': 'couch'}, {'class_id': 67, 'bbox_x': 85.67, 'bbox_y': 362.98, 'bbox_w': 28.18, 'bbox_h': 27.06, 'class_label': None}, {'class_id': 82, 'bbox_x': 159.45, 'bbox_y': 200.17, 'bbox_w': 25.04, 'bbox_h': 36.42, 'class_label': None}, {'class_id': 1, 'bbox_x': 332.06, 'bbox_y': 344.55, 'bbox_w': 64.18, 'bbox_h': 78.85, 'class_label': 'bicycle'}, {'class_id': 1, 'bbox_x': 507.62, 'bbox_y': 299.4, 'bbox_w': 41.65, 'bbox_h': 60.7, 'class_label': 'bicycle'}, {'class_id': 1, 'bbox_x': 528.61, 'bbox_y': 283.55, 'bbox_w': 30.96, 'bbox_h': 35.02, 'class_label': 'bicycle'}, {'class_id': 44, 'bbox_x': 287.13, 'bbox_y': 264.67, 'bbox_w': 3.47, 'bbox_h': 11.56, 'class_label': None}, {'class_id': 62, 'bbox_x': 261.25, 'bbox_y': 343.68, 'bbox_w': 25.06, 'bbox_h': 70.32, 'class_label': 'couch'}, {'class_id': 1, 'bbox_x': 224.99, 'bbox_y': 274.24, 'bbox_w': 41.36, 'bbox_h': 116.89, 'class_label': 'bicycle'}, {'class_id': 67, 'bbox_x': 306.25, 'bbox_y': 316.26, 'bbox_w': 35.37, 'bbox_h': 36.95, 'class_label': None}, {'class_id': 1, 'bbox_x': 85, 'bbox_y': 220, 'bbox_w': 526, 'bbox_h': 164, 'class_label': 'bicycle'}, {'class_id': 67, 'bbox_x': 180, 'bbox_y': 252, 'bbox_w': 444, 'bbox_h': 174, 'class_label': None}, {'class_id': 62, 'bbox_x': 149, 'bbox_y': 252, 'bbox_w': 377, 'bbox_h': 73, 'class_label': 'couch'}]"
000000353096,data/coco2017/subset/000000353096.jpg,"[{'class_id': 72, 'bbox_x': 106.17, 'bbox_y': 23.78, 'bbox_w': 293.04, 'bbox_h': 254.11, 'class_label': 'laptop'}, {'class_id': 74, 'bbox_x': 444.75, 'bbox_y': 289.27, 'bbox_w': 51.26, 'bbox_h': 32.19, 'class_label': 'remote'}, {'class_id': 76, 'bbox_x': 99.72, 'bbox_y': 277.52, 'bbox_w': 296.85, 'bbox_h': 45.61, 'class_label': 'cell phone'}]"
000000078843,data/coco2017/subset/000000078843.jpg,"[{'class_id': 1, 'bbox_x': 122.16, 'bbox_y': 3.03, 'bbox_w': 477.84, 'bbox_h': 472.43, 'class_label': 'bicycle'}, {'class_id': 1, 'bbox_x': 3.24, 'bbox_y': 189.51, 'bbox_w': 441.16, 'bbox_h': 282.61, 'class_label': 'bicycle'}, {'class_id': 32, 'bbox_x': 424.79, 'bbox_y': 349.03, 'bbox_w': 88.96, 'bbox_h': 130.97, 'class_label': 'suitcase'}]"
000000145591,data/coco2017/subset/000000145591.jpg,"[{'class_id': 85, 'bbox_x': 294.89, 'bbox_y': 49.08, 'bbox_w': 317.49, 'bbox_h': 425.11, 'class_label': 'vase'}]"
000000197658,data/coco2017/subset/000000197658.jpg,"[{'class_id': 40, 'bbox_x': 152.49, 'bbox_y': 394.18, 'bbox_w': 97.8, 'bbox_h': 66.15, 'class_label': 'skateboard'}, {'class_id': 1, 'bbox_x': 178.34, 'bbox_y': 140.94, 'bbox_w': 384.0, 'bbox_h': 438.66, 'class_label': 'bicycle'}]"
000000327601,data/coco2017/subset/000000327601.jpg,"[{'class_id': 1, 'bbox_x': 48.31, 'bbox_y': 46.85, 'bbox_w': 270.79, 'bbox_h': 376.4, 'class_label': 'bicycle'}, {'class_id': 86, 'bbox_x': 25.15, 'bbox_y': 284.4, 'bbox_w': 68.41, 'bbox_h': 136.29, 'class_label': 'scissors'}, {'class_id': 62, 'bbox_x': 51.69, 'bbox_y': 198.88, 'bbox_w': 197.75, 'bbox_h': 210.11, 'class_label': 'couch'}]"
000000031735,data/coco2017/subset/000000031735.jpg,"[{'class_id': 64, 'bbox_x': 17.99, 'bbox_y': 99.67, 'bbox_w': 202.34, 'bbox_h': 191.1, 'class_label': 'bed'}, {'class_id': 64, 'bbox_x': 544.72, 'bbox_y': 188.61, 'bbox_w': 56.61, 'bbox_h': 75.76, 'class_label': 'bed'}, {'class_id': 63, 'bbox_x': 298.32, 'bbox_y': 233.58, 'bbox_w': 341.68, 'bbox_h': 224.0, 'class_label': 'potted plant'}, {'class_id': 84, 'bbox_x': 14.11, 'bbox_y': 314.25, 'bbox_w': 34.19, 'bbox_h': 67.58, 'class_label': 'clock'}, {'class_id': 84, 'bbox_x': 0.0, 'bbox_y': 295.33, 'bbox_w': 37.39, 'bbox_h': 93.74, 'class_label': 'clock'}]"
000000145591,data/coco2017/subset/000000145591.jpg,"[{'class_id': 85, 'bbox_x': 294.89, 'bbox_y': 49.08, 'bbox_w': 317.49, 'bbox_h': 425.11, 'class_label': 'vase'}]"
000000454404,data/coco2017/subset/000000454404.jpg,"[{'class_id': 77, 'bbox_x': 264.7, 'bbox_y': 182.11, 'bbox_w': 33.48, 'bbox_h': 26.75, 'class_label': 'microwave'}, {'class_id': 1, 'bbox_x': 246.07, 'bbox_y': 25.79, 'bbox_w': 193.77, 'bbox_h': 436.28, 'class_label': 'bicycle'}, {'class_id': 15, 'bbox_x': 32.1, 'bbox_y': 188.82, 'bbox_w': 260.34, 'bbox_h': 334.04, 'class_label': 'bird'}, {'class_id': 62, 'bbox_x': 28.53, 'bbox_y': 189.01, 'bbox_w': 285.3, 'bbox_h': 317.4, 'class_label': 'couch'}, {'class_id': 64, 'bbox_x': 416.04, 'bbox_y': 4.82, 'bbox_w': 223.96, 'bbox_h': 513.85, 'class_label': 'bed'}]"
000000111086,data/coco2017/subset/000000111086.jpg,"[{'class_id': 3, 'bbox_x': 447.04, 'bbox_y': 207.37, 'bbox_w': 52.96, 'bbox_h': 105.27, 'class_label': 'motorcycle'}, {'class_id': 3, 'bbox_x': 299.68, 'bbox_y': 206.97, 'bbox_w': 155.89, 'bbox_h': 103.68, 'class_label': 'motorcycle'}, {'class_id': 3, 'bbox_x': 325.81, 'bbox_y': 139.58, 'bbox_w': 131.17, 'bbox_h': 72.88, 'class_label': 'motorcycle'}, {'class_id': 3, 'bbox_x': 211.2, 'bbox_y': 224.03, 'bbox_w': 87.94, 'bbox_h': 59.55, 'class_label': 'motorcycle'}, {'class_id': 3, 'bbox_x': 227.09, 'bbox_y': 161.61, 'bbox_w': 102.92, 'bbox_h': 58.27, 'class_label': 'motorcycle'}, {'class_id': 3, 'bbox_x': 164.6, 'bbox_y': 227.33, 'bbox_w': 59.65, 'bbox_h': 55.12, 'class_label': 'motorcycle'}, {'class_id': 3, 'bbox_x': 187.59, 'bbox_y': 178.25, 'bbox_w': 60.39, 'bbox_h': 48.15, 'class_label': 'motorcycle'}, {'class_id': 3, 'bbox_x': 122.93, 'bbox_y': 240.53, 'bbox_w': 48.14, 'bbox_h': 43.58, 'class_label': 'motorcycle'}, {'class_id': 3, 'bbox_x': 151.01, 'bbox_y': 192.41, 'bbox_w': 37.75, 'bbox_h': 32.47, 'class_label': 'motorcycle'}, {'class_id': 3, 'bbox_x': 97.93, 'bbox_y': 249.62, 'bbox_w': 31.23, 'bbox_h': 34.26, 'class_label': 'motorcycle'}, {'class_id': 9, 'bbox_x': 0.0, 'bbox_y': 1.52, 'bbox_w': 500.0, 'bbox_h': 214.1, 'class_label': 'traffic light'}, {'class_id': 1, 'bbox_x': 104.45, 'bbox_y': 226.23, 'bbox_w': 16.06, 'bbox_h': 17.24, 'class_label': 'bicycle'}, {'class_id': 3, 'bbox_x': 126.86, 'bbox_y': 201.0, 'bbox_w': 29.35, 'bbox_h': 31.27, 'class_label': 'motorcycle'}, {'class_id': 1, 'bbox_x': 400.36, 'bbox_y': 92.29, 'bbox_w': 50.85, 'bbox_h': 45.96, 'class_label': 'bicycle'}, {'class_id': 1, 'bbox_x': 340.04, 'bbox_y': 250.24, 'bbox_w': 29.25, 'bbox_h': 23.67, 'class_label': 'bicycle'}, {'class_id': 3, 'bbox_x': 72.61, 'bbox_y': 253.53, 'bbox_w': 25.95, 'bbox_h': 30.56, 'class_label': 'motorcycle'}, {'class_id': 1, 'bbox_x': 436.99, 'bbox_y': 88.17, 'bbox_w': 27.78, 'bbox_h': 34.59, 'class_label': 'bicycle'}]"
000000190756,data/coco2017/subset/000000190756.jpg,"[{'class_id': 4, 'bbox_x': 116.76, 'bbox_y': 103.24, 'bbox_w': 376.21, 'bbox_h': 321.08, 'class_label': 'airplane'}, {'class_id': 1, 'bbox_x': 129.69, 'bbox_y': 32.63, 'bbox_w': 293.21, 'bbox_h': 163.14, 'class_label': 'bicycle'}]"
000000513181,data/coco2017/subset/000000513181.jpg,"[{'class_id': 9, 'bbox_x': 67.49, 'bbox_y': 236.69, 'bbox_w': 206.27, 'bbox_h': 62.74, 'class_label': 'traffic light'}, {'class_id': 3, 'bbox_x': 491.73, 'bbox_y': 280.65, 'bbox_w': 18.12, 'bbox_h': 10.72, 'class_label': 'motorcycle'}, {'class_id': 3, 'bbox_x': 306.83, 'bbox_y': 278.35, 'bbox_w': 25.05, 'bbox_h': 9.53, 'class_label': 'motorcycle'}, {'class_id': 3, 'bbox_x': 373.61, 'bbox_y': 281.56, 'bbox_w': 14.26, 'bbox_h': 5.53, 'class_label': 'motorcycle'}, {'class_id': 3, 'bbox_x': 507.59, 'bbox_y': 281.43, 'bbox_w': 6.14, 'bbox_h': 7.85, 'class_label': 'motorcycle'}, {'class_id': 3, 'bbox_x': 344.1, 'bbox_y': 280.13, 'bbox_w': 12.36, 'bbox_h': 7.6, 'class_label': 'motorcycle'}, {'class_id': 3, 'bbox_x': 521.87, 'bbox_y': 279.65, 'bbox_w': 12.18, 'bbox_h': 8.78, 'class_label': 'motorcycle'}, {'class_id': 3, 'bbox_x': 557.05, 'bbox_y': 284.31, 'bbox_w': 13.09, 'bbox_h': 5.25, 'class_label': 'motorcycle'}, {'class_id': 3, 'bbox_x': 574.07, 'bbox_y': 281.89, 'bbox_w': 8.16, 'bbox_h': 5.94, 'class_label': 'motorcycle'}, {'class_id': 9, 'bbox_x': 256.18, 'bbox_y': 289.08, 'bbox_w': 40.93, 'bbox_h': 10.2, 'class_label': 'traffic light'}, {'class_id': 3, 'bbox_x': 597.93, 'bbox_y': 281.98, 'bbox_w': 18.94, 'bbox_h': 9.78, 'class_label': 'motorcycle'}, {'class_id': 3, 'bbox_x': 468.22, 'bbox_y': 283.91, 'bbox_w': 13.05, 'bbox_h': 4.39, 'class_label': 'motorcycle'}, {'class_id': 3, 'bbox_x': 461.09, 'bbox_y': 280.29, 'bbox_w': 17.72, 'bbox_h': 6.54, 'class_label': 'motorcycle'}, {'class_id': 8, 'bbox_x': 383.81, 'bbox_y': 279.25, 'bbox_w': 21.4, 'bbox_h': 10.7, 'class_label': 'boat'}]"
000000348881,data/coco2017/subset/000000348881.jpg,"[{'class_id': 1, 'bbox_x': 567.82, 'bbox_y': 273.1, 'bbox_w': 31.38, 'bbox_h': 74.11, 'class_label': 'bicycle'}, {'class_id': 5, 'bbox_x': 0.0, 'bbox_y': 1.66, 'bbox_w': 161.6, 'bbox_h': 264.15, 'class_label': 'bus'}, {'class_id': 1, 'bbox_x': 251.19, 'bbox_y': 106.42, 'bbox_w': 23.32, 'bbox_h': 61.72, 'class_label': 'bicycle'}, {'class_id': 5, 'bbox_x': 0.0, 'bbox_y': 23.03, 'bbox_w': 30.65, 'bbox_h': 41.59, 'class_label': 'bus'}, {'class_id': 33, 'bbox_x': 561.92, 'bbox_y': 313.6, 'bbox_w': 11.97, 'bbox_h': 19.95, 'class_label': 'frisbee'}]"
000000149770,data/coco2017/subset/000000149770.jpg,"[{'class_id': 1, 'bbox_x': 65.0, 'bbox_y': 31.03, 'bbox_w': 81.0, 'bbox_h': 77.5, 'class_label': 'bicycle'}, {'class_id': 42, 'bbox_x': 59.5, 'bbox_y': 96.5, 'bbox_w': 84.5, 'bbox_h': 13.5, 'class_label': 'tennis racket'}]"
000000154425,data/coco2017/subset/000000154425.jpg,"[{'class_id': 1, 'bbox_x': 140.07, 'bbox_y': 1.2, 'bbox_w': 272.46, 'bbox_h': 419.24, 'class_label': 'bicycle'}, {'class_id': 38, 'bbox_x': 362.05, 'bbox_y': 150.86, 'bbox_w': 244.29, 'bbox_h': 207.45, 'class_label': 'baseball bat'}]"
000000377814,data/coco2017/subset/000000377814.jpg,"[{'class_id': 60, 'bbox_x': 308.64, 'bbox_y': 158.24, 'bbox_w': 238.36, 'bbox_h': 244.91, 'class_label': 'cake'}, {'class_id': 60, 'bbox_x': 3.24, 'bbox_y': 7.55, 'bbox_w': 237.3, 'bbox_h': 195.24, 'class_label': 'cake'}, {'class_id': 60, 'bbox_x': 43.15, 'bbox_y': 183.37, 'bbox_w': 284.76, 'bbox_h': 296.63, 'class_label': 'cake'}, {'class_id': 60, 'bbox_x': 476.76, 'bbox_y': 132.97, 'bbox_w': 163.24, 'bbox_h': 188.11, 'class_label': 'cake'}, {'class_id': 60, 'bbox_x': 388.99, 'bbox_y': 2.49, 'bbox_w': 167.06, 'bbox_h': 155.85, 'class_label': 'cake'}, {'class_id': 60, 'bbox_x': 231.25, 'bbox_y': 4.38, 'bbox_w': 196.25, 'bbox_h': 180.0, 'class_label': 'cake'}]"
000000280325,data/coco2017/subset/000000280325.jpg,"[{'class_id': 14, 'bbox_x': 338.34, 'bbox_y': 160.51, 'bbox_w': 153.24, 'bbox_h': 197.76, 'class_label': 'bench'}]"
000000283412,data/coco2017/subset/000000283412.jpg,"[{'class_id': 18, 'bbox_x': 1.73, 'bbox_y': 2.44, 'bbox_w': 439.07, 'bbox_h': 415.69, 'class_label': 'horse'}, {'class_id': 47, 'bbox_x': 0.0, 'bbox_y': 283.84, 'bbox_w': 133.7, 'bbox_h': 143.16, 'class_label': 'fork'}, {'class_id': 65, 'bbox_x': 427.0, 'bbox_y': 99.82, 'bbox_w': 210.73, 'bbox_h': 163.03, 'class_label': None}]"
000000239717,data/coco2017/subset/000000239717.jpg,"[{'class_id': 44, 'bbox_x': 304.93, 'bbox_y': 196.2, 'bbox_w': 26.77, 'bbox_h': 57.57, 'class_label': None}, {'class_id': 1, 'bbox_x': 0.0, 'bbox_y': 76.02, 'bbox_w': 554.0, 'bbox_h': 556.96, 'class_label': 'bicycle'}, {'class_id': 1, 'bbox_x': 495.77, 'bbox_y': 54.65, 'bbox_w': 57.67, 'bbox_h': 221.8, 'class_label': 'bicycle'}, {'class_id': 1, 'bbox_x': 392.63, 'bbox_y': 135.19, 'bbox_w': 109.3, 'bbox_h': 152.45, 'class_label': 'bicycle'}, {'class_id': 1, 'bbox_x': 323.41, 'bbox_y': 125.73, 'bbox_w': 218.94, 'bbox_h': 203.61, 'class_label': 'bicycle'}, {'class_id': 1, 'bbox_x': 454.37, 'bbox_y': 60.23, 'bbox_w': 63.37, 'bbox_h': 114.82, 'class_label': 'bicycle'}, {'class_id': 1, 'bbox_x': 382.22, 'bbox_y': 97.23, 'bbox_w': 38.92, 'bbox_h': 53.4, 'class_label': 'bicycle'}, {'class_id': 1, 'bbox_x': 367.46, 'bbox_y': 96.54, 'bbox_w': 24.73, 'bbox_h': 65.82, 'class_label': 'bicycle'}, {'class_id': 1, 'bbox_x': 219.15, 'bbox_y': 176.47, 'bbox_w': 49.36, 'bbox_h': 78.66, 'class_label': 'bicycle'}]"
000000555005,data/coco2017/subset/000000555005.jpg,"[{'class_id': 18, 'bbox_x': 108.39, 'bbox_y': 150.0, 'bbox_w': 444.19, 'bbox_h': 329.61, 'class_label': 'horse'}, {'class_id': 65, 'bbox_x': 0.0, 'bbox_y': 88.45, 'bbox_w': 636.4, 'bbox_h': 386.16, 'class_label': None}, {'class_id': 84, 'bbox_x': 431.42, 'bbox_y': 0.0, 'bbox_w': 34.05, 'bbox_h': 104.01, 'class_label': 'clock'}, {'class_id': 84, 'bbox_x': 322.44, 'bbox_y': 2.0, 'bbox_w': 25.54, 'bbox_h': 93.64, 'class_label': 'clock'}, {'class_id': 84, 'bbox_x': 275.06, 'bbox_y': 1.17, 'bbox_w': 17.76, 'bbox_h': 93.36, 'class_label': 'clock'}, {'class_id': 84, 'bbox_x': 376.45, 'bbox_y': 3.31, 'bbox_w': 26.97, 'bbox_h': 103.55, 'class_label': 'clock'}, {'class_id': 84, 'bbox_x': 448.07, 'bbox_y': 3.9, 'bbox_w': 29.42, 'bbox_h': 99.01, 'class_label': 'clock'}, {'class_id': 84, 'bbox_x': 401.59, 'bbox_y': 27.75, 'bbox_w': 24.9, 'bbox_h': 71.88, 'class_label': 'clock'}, {'class_id': 84, 'bbox_x': 388.09, 'bbox_y': 0.47, 'bbox_w': 28.79, 'bbox_h': 105.44, 'class_label': 'clock'}, {'class_id': 84, 'bbox_x': 373.37, 'bbox_y': 14.21, 'bbox_w': 11.82, 'bbox_h': 75.54, 'class_label': 'clock'}, {'class_id': 84, 'bbox_x': 304.29, 'bbox_y': 1.07, 'bbox_w': 23.87, 'bbox_h': 74.89, 'class_label': 'clock'}]"
000000499266,data/coco2017/subset/000000499266.jpg,"[{'class_id': 77, 'bbox_x': 62.42, 'bbox_y': 94.28, 'bbox_w': 529.51, 'bbox_h': 303.5, 'class_label': 'microwave'}, {'class_id': 1, 'bbox_x': 0.0, 'bbox_y': 23.25, 'bbox_w': 269.06, 'bbox_h': 456.75, 'class_label': 'bicycle'}, {'class_id': 1, 'bbox_x': 452.25, 'bbox_y': 8.04, 'bbox_w': 88.39, 'bbox_h': 100.0, 'class_label': 'bicycle'}, {'class_id': 1, 'bbox_x': 536.21, 'bbox_y': 44.06, 'bbox_w': 47.04, 'bbox_h': 59.38, 'class_label': 'bicycle'}, {'class_id': 62, 'bbox_x': 587.46, 'bbox_y': 104.67, 'bbox_w': 51.83, 'bbox_h': 64.79, 'class_label': 'couch'}]"
000000031248,data/coco2017/subset/000000031248.jpg,"[{'class_id': 64, 'bbox_x': 19.46, 'bbox_y': 113.74, 'bbox_w': 88.3, 'bbox_h': 219.26, 'class_label': 'bed'}, {'class_id': 62, 'bbox_x': 194.07, 'bbox_y': 234.89, 'bbox_w': 181.18, 'bbox_h': 95.25, 'class_label': 'couch'}, {'class_id': 62, 'bbox_x': 415.72, 'bbox_y': 244.65, 'bbox_w': 83.42, 'bbox_h': 84.85, 'class_label': 'couch'}, {'class_id': 63, 'bbox_x': 1.43, 'bbox_y': 284.58, 'bbox_w': 105.53, 'bbox_h': 44.92, 'class_label': 'potted plant'}, {'class_id': 84, 'bbox_x': 54.63, 'bbox_y': 33.67, 'bbox_w': 99.52, 'bbox_h': 38.17, 'class_label': 'clock'}, {'class_id': 84, 'bbox_x': 76.41, 'bbox_y': 160.93, 'bbox_w': 6.35, 'bbox_h': 28.08, 'class_label': 'clock'}, {'class_id': 84, 'bbox_x': 52.66, 'bbox_y': 72.24, 'bbox_w': 74.75, 'bbox_h': 36.17, 'class_label': 'clock'}, {'class_id': 84, 'bbox_x': 96.42, 'bbox_y': 158.77, 'bbox_w': 6.34, 'bbox_h': 30.33, 'class_label': 'clock'}, {'class_id': 51, 'bbox_x': 259.25, 'bbox_y': 153.31, 'bbox_w': 18.6, 'bbox_h': 14.64, 'class_label': 'banana'}, {'class_id': 64, 'bbox_x': 0.06, 'bbox_y': 71.43, 'bbox_w': 94.29, 'bbox_h': 220.19, 'class_label': 'bed'}, {'class_id': 64, 'bbox_x': 422.16, 'bbox_y': 138.19, 'bbox_w': 77.84, 'bbox_h': 111.88, 'class_label': 'bed'}, {'class_id': 84, 'bbox_x': 442.52, 'bbox_y': 83.95, 'bbox_w': 10.48, 'bbox_h': 31.84, 'class_label': 'clock'}, {'class_id': 84, 'bbox_x': 386.74, 'bbox_y': 81.73, 'bbox_w': 4.1, 'bbox_h': 33.14, 'class_label': 'clock'}, {'class_id': 84, 'bbox_x': 384.4, 'bbox_y': 125.48, 'bbox_w': 8.67, 'bbox_h': 25.64, 'class_label': 'clock'}, {'class_id': 84, 'bbox_x': 81.99, 'bbox_y': 161.88, 'bbox_w': 5.91, 'bbox_h': 26.66, 'class_label': 'clock'}, {'class_id': 84, 'bbox_x': 428.74, 'bbox_y': 159.85, 'bbox_w': 7.29, 'bbox_h': 28.09, 'class_label': 'clock'}, {'class_id': 84, 'bbox_x': 89.37, 'bbox_y': 158.65, 'bbox_w': 4.08, 'bbox_h': 29.73, 'class_label': 'clock'}, {'class_id': 84, 'bbox_x': 392.15, 'bbox_y': 53.55, 'bbox_w': 3.81, 'bbox_h': 23.49, 'class_label': 'clock'}, {'class_id': 62, 'bbox_x': 0.0, 'bbox_y': 284.94, 'bbox_w': 107.93, 'bbox_h': 48.06, 'class_label': 'couch'}, {'class_id': 84, 'bbox_x': 125.81, 'bbox_y': 117.83, 'bbox_w': 6.52, 'bbox_h': 28.45, 'class_label': 'clock'}, {'class_id': 84, 'bbox_x': 53.65, 'bbox_y': 117.43, 'bbox_w': 95.51, 'bbox_h': 31.84, 'class_label': 'clock'}]"
000000042102,data/coco2017/subset/000000042102.jpg,"[{'class_id': 32, 'bbox_x': 123.36, 'bbox_y': 119.0, 'bbox_w': 13.06, 'bbox_h': 142.22, 'class_label': 'suitcase'}, {'class_id': 31, 'bbox_x': 10.59, 'bbox_y': 376.39, 'bbox_w': 50.35, 'bbox_h': 187.76, 'class_label': 'tie'}, {'class_id': 1, 'bbox_x': 20.13, 'bbox_y': 6.66, 'bbox_w': 220.17, 'bbox_h': 621.83, 'class_label': 'bicycle'}]"
000000227044,data/coco2017/subset/000000227044.jpg,"[{'class_id': 17, 'bbox_x': 121.03, 'bbox_y': 40.86, 'bbox_w': 514.14, 'bbox_h': 388.97, 'class_label': 'dog'}, {'class_id': 44, 'bbox_x': 7.65, 'bbox_y': 0.63, 'bbox_w': 66.7, 'bbox_h': 44.17, 'class_label': None}, {'class_id': 81, 'bbox_x': 4.31, 'bbox_y': 228.67, 'bbox_w': 464.9, 'bbox_h': 231.91, 'class_label': 'refrigerator'}, {'class_id': 47, 'bbox_x': 194.66, 'bbox_y': 0.0, 'bbox_w': 64.68, 'bbox_h': 41.41, 'class_label': 'fork'}, {'class_id': 47, 'bbox_x': 114.34, 'bbox_y': 0.0, 'bbox_w': 60.4, 'bbox_h': 43.15, 'class_label': 'fork'}, {'class_id': 47, 'bbox_x': 5.17, 'bbox_y': 0.53, 'bbox_w': 69.74, 'bbox_h': 40.8, 'class_label': 'fork'}, {'class_id': 44, 'bbox_x': 196.99, 'bbox_y': 1.04, 'bbox_w': 71.06, 'bbox_h': 41.14, 'class_label': None}, {'class_id': 70, 'bbox_x': 627.12, 'bbox_y': 399.83, 'bbox_w': 12.88, 'bbox_h': 52.37, 'class_label': None}]"
000000083113,data/coco2017/subset/000000083113.jpg,"[{'class_id': 22, 'bbox_x': 455.74, 'bbox_y': 124.17, 'bbox_w': 164.36, 'bbox_h': 196.45, 'class_label': 'bear'}, {'class_id': 22, 'bbox_x': 245.01, 'bbox_y': 196.97, 'bbox_w': 147.06, 'bbox_h': 77.92, 'class_label': 'bear'}]"
000000006460,data/coco2017/subset/000000006460.jpg,"[{'class_id': 42, 'bbox_x': 276.27, 'bbox_y': 138.54, 'bbox_w': 9.61, 'bbox_h': 92.3, 'class_label': 'tennis racket'}, {'class_id': 1, 'bbox_x': 277.45, 'bbox_y': 137.66, 'bbox_w': 54.65, 'bbox_h': 69.57, 'class_label': 'bicycle'}]"
000000375493,data/coco2017/subset/000000375493.jpg,"[{'class_id': 17, 'bbox_x': 162.69, 'bbox_y': 263.36, 'bbox_w': 68.85, 'bbox_h': 26.15, 'class_label': 'dog'}, {'class_id': 17, 'bbox_x': 162.69, 'bbox_y': 309.51, 'bbox_w': 89.82, 'bbox_h': 50.99, 'class_label': 'dog'}, {'class_id': 1, 'bbox_x': 252.35, 'bbox_y': 24.8, 'bbox_w': 128.86, 'bbox_h': 448.86, 'class_label': 'bicycle'}, {'class_id': 44, 'bbox_x': 338.72, 'bbox_y': 242.17, 'bbox_w': 30.75, 'bbox_h': 14.08, 'class_label': None}, {'class_id': 17, 'bbox_x': 0.0, 'bbox_y': 259.88, 'bbox_w': 23.06, 'bbox_h': 37.13, 'class_label': 'dog'}, {'class_id': 11, 'bbox_x': 341.42, 'bbox_y': 290.83, 'bbox_w': 84.09, 'bbox_h': 158.08, 'class_label': None}, {'class_id': 13, 'bbox_x': 415.78, 'bbox_y': 99.67, 'bbox_w': 6.62, 'bbox_h': 7.02, 'class_label': 'parking meter'}]"
000000218424,data/coco2017/subset/000000218424.jpg,"[{'class_id': 24, 'bbox_x': 95.15, 'bbox_y': 138.05, 'bbox_w': 219.36, 'bbox_h': 280.62, 'class_label': 'giraffe'}, {'class_id': 24, 'bbox_x': 232.96, 'bbox_y': 122.17, 'bbox_w': 201.53, 'bbox_h': 264.38, 'class_label': 'giraffe'}, {'class_id': 24, 'bbox_x': 399.81, 'bbox_y': 78.5, 'bbox_w': 133.35, 'bbox_h': 319.67, 'class_label': 'giraffe'}, {'class_id': 24, 'bbox_x': 75.33, 'bbox_y': 85.84, 'bbox_w': 167.16, 'bbox_h': 292.79, 'class_label': 'giraffe'}]"
000000273711,data/coco2017/subset/000000273711.jpg,"[{'class_id': 62, 'bbox_x': 450.5, 'bbox_y': 59.07, 'bbox_w': 98.45, 'bbox_h': 87.94, 'class_label': 'couch'}, {'class_id': 62, 'bbox_x': 1.08, 'bbox_y': 214.32, 'bbox_w': 77.66, 'bbox_h': 177.98, 'class_label': 'couch'}, {'class_id': 62, 'bbox_x': 539.42, 'bbox_y': 236.48, 'bbox_w': 83.57, 'bbox_h': 208.93, 'class_label': 'couch'}, {'class_id': 50, 'bbox_x': 374.27, 'bbox_y': 281.24, 'bbox_w': 70.54, 'bbox_h': 57.21, 'class_label': 'bowl'}, {'class_id': 51, 'bbox_x': 345.21, 'bbox_y': 298.91, 'bbox_w': 65.11, 'bbox_h': 69.87, 'class_label': 'banana'}, {'class_id': 51, 'bbox_x': 220.97, 'bbox_y': 297.53, 'bbox_w': 123.99, 'bbox_h': 88.57, 'class_label': 'banana'}, {'class_id': 51, 'bbox_x': 161.43, 'bbox_y': 362.8, 'bbox_w': 172.2, 'bbox_h': 110.85, 'class_label': 'banana'}, {'class_id': 53, 'bbox_x': 212.08, 'bbox_y': 232.73, 'bbox_w': 35.54, 'bbox_h': 41.64, 'class_label': 'sandwich'}, {'class_id': 55, 'bbox_x': 213.52, 'bbox_y': 217.27, 'bbox_w': 37.9, 'bbox_h': 19.99, 'class_label': 'broccoli'}, {'class_id': 55, 'bbox_x': 237.35, 'bbox_y': 253.21, 'bbox_w': 33.13, 'bbox_h': 34.02, 'class_label': 'broccoli'}, {'class_id': 55, 'bbox_x': 250.11, 'bbox_y': 218.6, 'bbox_w': 42.16, 'bbox_h': 19.46, 'class_label': 'broccoli'}, {'class_id': 57, 'bbox_x': 200.53, 'bbox_y': 308.34, 'bbox_w': 15.57, 'bbox_h': 12.0, 'class_label': 'hot dog'}, {'class_id': 57, 'bbox_x': 175.71, 'bbox_y': 304.78, 'bbox_w': 60.19, 'bbox_h': 27.18, 'class_label': 'hot dog'}, {'class_id': 1, 'bbox_x': 549.22, 'bbox_y': 0.0, 'bbox_w': 90.78, 'bbox_h': 70.24, 'class_label': 'bicycle'}, {'class_id': 51, 'bbox_x': 450.02, 'bbox_y': 202.16, 'bbox_w': 113.86, 'bbox_h': 70.91, 'class_label': 'banana'}, {'class_id': 51, 'bbox_x': 153.22, 'bbox_y': 279.65, 'bbox_w': 94.94, 'bbox_h': 82.1, 'class_label': 'banana'}, {'class_id': 51, 'bbox_x': 257.06, 'bbox_y': 235.45, 'bbox_w': 103.07, 'bbox_h': 85.19, 'class_label': 'banana'}, {'class_id': 51, 'bbox_x': 355.44, 'bbox_y': 254.45, 'bbox_w': 79.9, 'bbox_h': 77.4, 'class_label': 'banana'}, {'class_id': 51, 'bbox_x': 447.89, 'bbox_y': 182.92, 'bbox_w': 87.71, 'bbox_h': 19.58, 'class_label': 'banana'}, {'class_id': 53, 'bbox_x': 77.59, 'bbox_y': 256.88, 'bbox_w': 89.72, 'bbox_h': 39.1, 'class_label': 'sandwich'}, {'class_id': 54, 'bbox_x': 341.15, 'bbox_y': 368.75, 'bbox_w': 63.21, 'bbox_h': 34.77, 'class_label': 'orange'}, {'class_id': 54, 'bbox_x': 382.67, 'bbox_y': 394.91, 'bbox_w': 55.51, 'bbox_h': 59.72, 'class_label': 'orange'}, {'class_id': 54, 'bbox_x': 431.64, 'bbox_y': 382.59, 'bbox_w': 69.77, 'bbox_h': 77.46, 'class_label': 'orange'}, {'class_id': 54, 'bbox_x': 389.42, 'bbox_y': 373.44, 'bbox_w': 44.83, 'bbox_h': 23.66, 'class_label': 'orange'}, {'class_id': 67, 'bbox_x': 56.1, 'bbox_y': 76.05, 'bbox_w': 509.93, 'bbox_h': 403.95, 'class_label': None}, {'class_id': 62, 'bbox_x': 22.88, 'bbox_y': 286.49, 'bbox_w': 41.35, 'bbox_h': 78.58, 'class_label': 'couch'}, {'class_id': 1, 'bbox_x': 527.38, 'bbox_y': 43.64, 'bbox_w': 110.96, 'bbox_h': 430.13, 'class_label': 'bicycle'}, {'class_id': 62, 'bbox_x': 217.14, 'bbox_y': 16.32, 'bbox_w': 105.9, 'bbox_h': 53.14, 'class_label': 'couch'}, {'class_id': 62, 'bbox_x': 53.98, 'bbox_y': 0.49, 'bbox_w': 68.33, 'bbox_h': 113.21, 'class_label': 'couch'}, {'class_id': 62, 'bbox_x': 1.99, 'bbox_y': 97.13, 'bbox_w': 49.63, 'bbox_h': 74.87, 'class_label': 'couch'}, {'class_id': 47, 'bbox_x': 342.2, 'bbox_y': 299.63, 'bbox_w': 69.56, 'bbox_h': 71.91, 'class_label': 'fork'}, {'class_id': 54, 'bbox_x': 327.51, 'bbox_y': 391.18, 'bbox_w': 26.17, 'bbox_h': 51.26, 'class_label': 'orange'}, {'class_id': 54, 'bbox_x': 389.47, 'bbox_y': 218.73, 'bbox_w': 46.13, 'bbox_h': 40.51, 'class_label': 'orange'}, {'class_id': 54, 'bbox_x': 433.66, 'bbox_y': 373.35, 'bbox_w': 45.27, 'bbox_h': 23.83, 'class_label': 'orange'}, {'class_id': 54, 'bbox_x': 343.06, 'bbox_y': 394.39, 'bbox_w': 19.59, 'bbox_h': 55.21, 'class_label': 'orange'}, {'class_id': 54, 'bbox_x': 354.48, 'bbox_y': 400.32, 'bbox_w': 79.96, 'bbox_h': 59.84, 'class_label': 'orange'}, {'class_id': 55, 'bbox_x': 214.78, 'bbox_y': 233.0, 'bbox_w': 32.24, 'bbox_h': 33.82, 'class_label': 'broccoli'}]"
000000173383,data/coco2017/subset/000000173383.jpg,"[{'class_id': 49, 'bbox_x': 37.24, 'bbox_y': 302.79, 'bbox_w': 203.81, 'bbox_h': 91.52, 'class_label': 'spoon'}, {'class_id': 61, 'bbox_x': 141.35, 'bbox_y': 53.48, 'bbox_w': 229.21, 'bbox_h': 241.63, 'class_label': 'chair'}, {'class_id': 47, 'bbox_x': 470.09, 'bbox_y': 203.05, 'bbox_w': 34.83, 'bbox_h': 44.7, 'class_label': 'fork'}, {'class_id': 67, 'bbox_x': 0.0, 'bbox_y': 208.31, 'bbox_w': 640.0, 'bbox_h': 216.69, 'class_label': None}]"
000000544519,data/coco2017/subset/000000544519.jpg,"[{'class_id': 90, 'bbox_x': 178.57, 'bbox_y': 249.97, 'bbox_w': 207.61, 'bbox_h': 40.6, 'class_label': None}, {'class_id': 1, 'bbox_x': 1.92, 'bbox_y': 9.44, 'bbox_w': 637.14, 'bbox_h': 410.68, 'class_label': 'bicycle'}]"
000000546829,data/coco2017/subset/000000546829.jpg,"[{'class_id': 18, 'bbox_x': 208.59, 'bbox_y': 147.46, 'bbox_w': 84.62, 'bbox_h': 141.72, 'class_label': 'horse'}, {'class_id': 15, 'bbox_x': 119.22, 'bbox_y': 143.51, 'bbox_w': 349.94, 'bbox_h': 259.41, 'class_label': 'bird'}]"
000000531495,data/coco2017/subset/000000531495.jpg,"[{'class_id': 9, 'bbox_x': 63.98, 'bbox_y': 302.17, 'bbox_w': 149.61, 'bbox_h': 45.28, 'class_label': 'traffic light'}, {'class_id': 9, 'bbox_x': 136.77, 'bbox_y': 256.34, 'bbox_w': 84.33, 'bbox_h': 26.23, 'class_label': 'traffic light'}, {'class_id': 9, 'bbox_x': 239.23, 'bbox_y': 231.72, 'bbox_w': 61.47, 'bbox_h': 18.13, 'class_label': 'traffic light'}, {'class_id': 9, 'bbox_x': 408.47, 'bbox_y': 200.31, 'bbox_w': 35.61, 'bbox_h': 13.85, 'class_label': 'traffic light'}, {'class_id': 9, 'bbox_x': 499.13, 'bbox_y': 190.56, 'bbox_w': 41.32, 'bbox_h': 18.45, 'class_label': 'traffic light'}, {'class_id': 9, 'bbox_x': 312.89, 'bbox_y': 203.87, 'bbox_w': 30.44, 'bbox_h': 10.32, 'class_label': 'traffic light'}, {'class_id': 9, 'bbox_x': 363.74, 'bbox_y': 200.42, 'bbox_w': 36.11, 'bbox_h': 10.87, 'class_label': 'traffic light'}, {'class_id': 9, 'bbox_x': 443.38, 'bbox_y': 199.55, 'bbox_w': 37.73, 'bbox_h': 14.77, 'class_label': 'traffic light'}]"
000000343453,data/coco2017/subset/000000343453.jpg,"[{'class_id': 1, 'bbox_x': 249.69, 'bbox_y': 54.89, 'bbox_w': 189.41, 'bbox_h': 418.65, 'class_label': 'bicycle'}, {'class_id': 35, 'bbox_x': 328.49, 'bbox_y': 396.86, 'bbox_w': 83.34, 'bbox_h': 66.93, 'class_label': 'snowboard'}]"
000000239773,data/coco2017/subset/000000239773.jpg,"[{'class_id': 37, 'bbox_x': 90.71, 'bbox_y': 172.26, 'bbox_w': 17.4, 'bbox_h': 15.27, 'class_label': 'kite'}, {'class_id': 1, 'bbox_x': 100.49, 'bbox_y': 63.39, 'bbox_w': 200.22, 'bbox_h': 276.74, 'class_label': 'bicycle'}, {'class_id': 39, 'bbox_x': 158.71, 'bbox_y': 3.76, 'bbox_w': 134.54, 'bbox_h': 164.35, 'class_label': 'baseball glove'}, {'class_id': 40, 'bbox_x': 406.76, 'bbox_y': 243.67, 'bbox_w': 55.78, 'bbox_h': 56.56, 'class_label': 'skateboard'}, {'class_id': 1, 'bbox_x': 409.71, 'bbox_y': 139.92, 'bbox_w': 88.9, 'bbox_h': 199.44, 'class_label': 'bicycle'}, {'class_id': 40, 'bbox_x': 245.15, 'bbox_y': 121.6, 'bbox_w': 49.71, 'bbox_h': 53.92, 'class_label': 'skateboard'}]"
000000455085,data/coco2017/subset/000000455085.jpg,"[{'class_id': 6, 'bbox_x': 2.88, 'bbox_y': 4.67, 'bbox_w': 409.88, 'bbox_h': 547.96, 'class_label': 'train'}, {'class_id': 1, 'bbox_x': 177.92, 'bbox_y': 256.84, 'bbox_w': 46.12, 'bbox_h': 67.41, 'class_label': 'bicycle'}]"
000000370375,data/coco2017/subset/000000370375.jpg,"[{'class_id': 39, 'bbox_x': 10.29, 'bbox_y': 192.94, 'bbox_w': 263.4, 'bbox_h': 113.66, 'class_label': 'baseball glove'}, {'class_id': 1, 'bbox_x': 186.97, 'bbox_y': 87.73, 'bbox_w': 189.84, 'bbox_h': 545.08, 'class_label': 'bicycle'}, {'class_id': 37, 'bbox_x': 333.29, 'bbox_y': 312.48, 'bbox_w': 54.89, 'bbox_h': 63.94, 'class_label': 'kite'}]"
000000406997,data/coco2017/subset/000000406997.jpg,"[{'class_id': 20, 'bbox_x': 196.01, 'bbox_y': 156.75, 'bbox_w': 256.08, 'bbox_h': 321.94, 'class_label': 'cow'}, {'class_id': 1, 'bbox_x': 445.14, 'bbox_y': 94.48, 'bbox_w': 153.29, 'bbox_h': 345.17, 'class_label': 'bicycle'}, {'class_id': 1, 'bbox_x': 449.46, 'bbox_y': 0.67, 'bbox_w': 174.74, 'bbox_h': 279.7, 'class_label': 'bicycle'}, {'class_id': 1, 'bbox_x': 213.09, 'bbox_y': 0.65, 'bbox_w': 120.54, 'bbox_h': 219.55, 'class_label': 'bicycle'}, {'class_id': 1, 'bbox_x': 175.14, 'bbox_y': 69.73, 'bbox_w': 64.86, 'bbox_h': 258.38, 'class_label': 'bicycle'}, {'class_id': 31, 'bbox_x': 431.54, 'bbox_y': 41.21, 'bbox_w': 133.17, 'bbox_h': 153.58, 'class_label': 'tie'}, {'class_id': 1, 'bbox_x': 228.16, 'bbox_y': 0.0, 'bbox_w': 111.93, 'bbox_h': 171.12, 'class_label': 'bicycle'}]"
000000580197,data/coco2017/subset/000000580197.jpg,"[{'class_id': 32, 'bbox_x': 584.76, 'bbox_y': 220.66, 'bbox_w': 44.8, 'bbox_h': 24.95, 'class_label': 'suitcase'}, {'class_id': 1, 'bbox_x': 189.84, 'bbox_y': 306.34, 'bbox_w': 264.27, 'bbox_h': 168.27, 'class_label': 'bicycle'}, {'class_id': 1, 'bbox_x': 492.91, 'bbox_y': 84.97, 'bbox_w': 147.09, 'bbox_h': 380.99, 'class_label': 'bicycle'}, {'class_id': 32, 'bbox_x': 179.87, 'bbox_y': 231.1, 'bbox_w': 55.57, 'bbox_h': 17.85, 'class_label': 'suitcase'}, {'class_id': 1, 'bbox_x': 65.84, 'bbox_y': 98.16, 'bbox_w': 252.4, 'bbox_h': 381.84, 'class_label': 'bicycle'}]"
000000572388,data/coco2017/subset/000000572388.jpg,"[{'class_id': 60, 'bbox_x': 123.6, 'bbox_y': 312.36, 'bbox_w': 178.65, 'bbox_h': 179.77, 'class_label': 'cake'}, {'class_id': 60, 'bbox_x': 224.36, 'bbox_y': 96.88, 'bbox_w': 80.79, 'bbox_h': 50.53, 'class_label': 'cake'}, {'class_id': 60, 'bbox_x': 258.49, 'bbox_y': 125.2, 'bbox_w': 90.51, 'bbox_h': 118.96, 'class_label': 'cake'}, {'class_id': 60, 'bbox_x': 240.82, 'bbox_y': 263.76, 'bbox_w': 108.18, 'bbox_h': 178.98, 'class_label': 'cake'}, {'class_id': 17, 'bbox_x': 0.0, 'bbox_y': 1.47, 'bbox_w': 185.29, 'bbox_h': 451.47, 'class_label': 'dog'}]"
000000163117,data/coco2017/subset/000000163117.jpg,"[{'class_id': 38, 'bbox_x': 91.7, 'bbox_y': 111.08, 'bbox_w': 12.18, 'bbox_h': 13.83, 'class_label': 'baseball bat'}, {'class_id': 38, 'bbox_x': 22.95, 'bbox_y': 148.61, 'bbox_w': 16.45, 'bbox_h': 18.28, 'class_label': 'baseball bat'}, {'class_id': 38, 'bbox_x': 45.06, 'bbox_y': 197.43, 'bbox_w': 18.52, 'bbox_h': 22.99, 'class_label': 'baseball bat'}, {'class_id': 38, 'bbox_x': 180.86, 'bbox_y': 178.29, 'bbox_w': 14.63, 'bbox_h': 17.92, 'class_label': 'baseball bat'}, {'class_id': 38, 'bbox_x': 68.69, 'bbox_y': 16.89, 'bbox_w': 21.4, 'bbox_h': 32.66, 'class_label': 'baseball bat'}, {'class_id': 38, 'bbox_x': 151.89, 'bbox_y': 167.74, 'bbox_w': 7.44, 'bbox_h': 10.38, 'class_label': 'baseball bat'}, {'class_id': 38, 'bbox_x': 163.22, 'bbox_y': 93.91, 'bbox_w': 13.62, 'bbox_h': 16.6, 'class_label': 'baseball bat'}, {'class_id': 38, 'bbox_x': 123.82, 'bbox_y': 181.41, 'bbox_w': 11.79, 'bbox_h': 14.33, 'class_label': 'baseball bat'}, {'class_id': 38, 'bbox_x': 183.08, 'bbox_y': 141.55, 'bbox_w': 10.11, 'bbox_h': 13.77, 'class_label': 'baseball bat'}, {'class_id': 38, 'bbox_x': 221.04, 'bbox_y': 191.45, 'bbox_w': 8.01, 'bbox_h': 10.96, 'class_label': 'baseball bat'}, {'class_id': 31, 'bbox_x': 156.56, 'bbox_y': 302.07, 'bbox_w': 79.51, 'bbox_h': 61.7, 'class_label': 'tie'}, {'class_id': 1, 'bbox_x': 219.1, 'bbox_y': 200.94, 'bbox_w': 155.06, 'bbox_h': 292.13, 'class_label': 'bicycle'}, {'class_id': 1, 'bbox_x': 149.44, 'bbox_y': 230.34, 'bbox_w': 84.27, 'bbox_h': 264.04, 'class_label': 'bicycle'}, {'class_id': 1, 'bbox_x': 129.54, 'bbox_y': 258.34, 'bbox_w': 46.38, 'bbox_h': 238.07, 'class_label': 'bicycle'}, {'class_id': 1, 'bbox_x': 87.74, 'bbox_y': 270.93, 'bbox_w': 43.95, 'bbox_h': 163.33, 'class_label': 'bicycle'}, {'class_id': 1, 'bbox_x': 56.05, 'bbox_y': 258.87, 'bbox_w': 12.91, 'bbox_h': 47.75, 'class_label': 'bicycle'}, {'class_id': 1, 'bbox_x': 37.94, 'bbox_y': 265.79, 'bbox_w': 11.87, 'bbox_h': 36.82, 'class_label': 'bicycle'}, {'class_id': 1, 'bbox_x': 0.16, 'bbox_y': 273.48, 'bbox_w': 20.7, 'bbox_h': 81.01, 'class_label': 'bicycle'}, {'class_id': 1, 'bbox_x': 114.99, 'bbox_y': 275.38, 'bbox_w': 26.19, 'bbox_h': 44.07, 'class_label': 'bicycle'}, {'class_id': 1, 'bbox_x': 91.99, 'bbox_y': 261.47, 'bbox_w': 10.22, 'bbox_h': 14.48, 'class_label': 'bicycle'}, {'class_id': 1, 'bbox_x': 227.87, 'bbox_y': 276.24, 'bbox_w': 32.82, 'bbox_h': 37.55, 'class_label': 'bicycle'}, {'class_id': 27, 'bbox_x': 246.61, 'bbox_y': 278.88, 'bbox_w': 116.12, 'bbox_h': 159.27, 'class_label': 'umbrella'}, {'class_id': 38, 'bbox_x': 267.48, 'bbox_y': 137.93, 'bbox_w': 12.92, 'bbox_h': 10.67, 'class_label': 'baseball bat'}, {'class_id': 38, 'bbox_x': 214.65, 'bbox_y': 204.52, 'bbox_w': 7.6, 'bbox_h': 8.01, 'class_label': 'baseball bat'}, {'class_id': 1, 'bbox_x': 72.96, 'bbox_y': 269.93, 'bbox_w': 12.38, 'bbox_h': 36.6, 'class_label': 'bicycle'}, {'class_id': 1, 'bbox_x': 16.32, 'bbox_y': 259.61, 'bbox_w': 12.17, 'bbox_h': 42.17, 'class_label': 'bicycle'}, {'class_id': 31, 'bbox_x': 116.44, 'bbox_y': 328.29, 'bbox_w': 16.71, 'bbox_h': 38.83, 'class_label': 'tie'}]"
000000494188,data/coco2017/subset/000000494188.jpg,"[{'class_id': 16, 'bbox_x': 135.17, 'bbox_y': 379.31, 'bbox_w': 235.86, 'bbox_h': 242.76, 'class_label': 'cat'}, {'class_id': 62, 'bbox_x': 93.59, 'bbox_y': 119.74, 'bbox_w': 148.65, 'bbox_h': 291.79, 'class_label': 'couch'}, {'class_id': 62, 'bbox_x': 0.0, 'bbox_y': 0.0, 'bbox_w': 176.17, 'bbox_h': 598.71, 'class_label': 'couch'}, {'class_id': 1, 'bbox_x': 253.9, 'bbox_y': 78.35, 'bbox_w': 90.14, 'bbox_h': 259.04, 'class_label': 'bicycle'}, {'class_id': 1, 'bbox_x': 189.88, 'bbox_y': 133.47, 'bbox_w': 62.45, 'bbox_h': 209.07, 'class_label': 'bicycle'}, {'class_id': 1, 'bbox_x': 339.75, 'bbox_y': 233.0, 'bbox_w': 15.06, 'bbox_h': 62.78, 'class_label': 'bicycle'}, {'class_id': 1, 'bbox_x': 51.54, 'bbox_y': 0.0, 'bbox_w': 181.84, 'bbox_h': 281.58, 'class_label': 'bicycle'}, {'class_id': 1, 'bbox_x': 385.05, 'bbox_y': 250.25, 'bbox_w': 16.21, 'bbox_h': 22.42, 'class_label': 'bicycle'}, {'class_id': 31, 'bbox_x': 252.88, 'bbox_y': 241.03, 'bbox_w': 38.15, 'bbox_h': 69.21, 'class_label': 'tie'}, {'class_id': 28, 'bbox_x': 432.69, 'bbox_y': 210.13, 'bbox_w': 28.18, 'bbox_h': 54.09, 'class_label': None}, {'class_id': 62, 'bbox_x': 402.34, 'bbox_y': 274.68, 'bbox_w': 9.14, 'bbox_h': 16.01, 'class_label': 'couch'}, {'class_id': 1, 'bbox_x': 0.0, 'bbox_y': 134.0, 'bbox_w': 72.85, 'bbox_h': 84.86, 'class_label': 'bicycle'}, {'class_id': 1, 'bbox_x': 242.83, 'bbox_y': 251.56, 'bbox_w': 13.63, 'bbox_h': 41.96, 'class_label': 'bicycle'}, {'class_id': 28, 'bbox_x': 363.04, 'bbox_y': 220.89, 'bbox_w': 25.0, 'bbox_h': 50.78, 'class_label': None}, {'class_id': 28, 'bbox_x': 329.58, 'bbox_y': 225.12, 'bbox_w': 36.41, 'bbox_h': 18.41, 'class_label': None}, {'class_id': 62, 'bbox_x': 375.19, 'bbox_y': 274.27, 'bbox_w': 10.16, 'bbox_h': 17.04, 'class_label': 'couch'}]"
000000018491,data/coco2017/subset/000000018491.jpg,"[{'class_id': 39, 'bbox_x': 105.36, 'bbox_y': 155.25, 'bbox_w': 16.96, 'bbox_h': 49.16, 'class_label': 'baseball glove'}, {'class_id': 40, 'bbox_x': 298.03, 'bbox_y': 216.69, 'bbox_w': 20.97, 'bbox_h': 28.6, 'class_label': 'skateboard'}, {'class_id': 40, 'bbox_x': 318.95, 'bbox_y': 142.51, 'bbox_w': 12.73, 'bbox_h': 15.83, 'class_label': 'skateboard'}, {'class_id': 1, 'bbox_x': 243.01, 'bbox_y': 184.65, 'bbox_w': 125.8, 'bbox_h': 120.6, 'class_label': 'bicycle'}, {'class_id': 1, 'bbox_x': 301.3, 'bbox_y': 186.15, 'bbox_w': 120.9, 'bbox_h': 126.66, 'class_label': 'bicycle'}, {'class_id': 1, 'bbox_x': 330.11, 'bbox_y': 69.96, 'bbox_w': 60.81, 'bbox_h': 137.59, 'class_label': 'bicycle'}, {'class_id': 1, 'bbox_x': 274.91, 'bbox_y': 68.91, 'bbox_w': 56.59, 'bbox_h': 147.5, 'class_label': 'bicycle'}, {'class_id': 1, 'bbox_x': 177.68, 'bbox_y': 77.51, 'bbox_w': 31.52, 'bbox_h': 74.51, 'class_label': 'bicycle'}, {'class_id': 1, 'bbox_x': 69.7, 'bbox_y': 95.37, 'bbox_w': 53.1, 'bbox_h': 122.1, 'class_label': 'bicycle'}, {'class_id': 1, 'bbox_x': 58.77, 'bbox_y': 61.57, 'bbox_w': 36.28, 'bbox_h': 58.18, 'class_label': 'bicycle'}, {'class_id': 1, 'bbox_x': 122.79, 'bbox_y': 26.65, 'bbox_w': 41.35, 'bbox_h': 99.82, 'class_label': 'bicycle'}, {'class_id': 1, 'bbox_x': 13.04, 'bbox_y': 81.09, 'bbox_w': 31.77, 'bbox_h': 66.56, 'class_label': 'bicycle'}, {'class_id': 1, 'bbox_x': 0.39, 'bbox_y': 82.91, 'bbox_w': 11.95, 'bbox_h': 64.84, 'class_label': 'bicycle'}, {'class_id': 15, 'bbox_x': 0.0, 'bbox_y': 141.07, 'bbox_w': 223.94, 'bbox_h': 11.89, 'class_label': 'bird'}]"
000000449996,data/coco2017/subset/000000449996.jpg,"[{'class_id': 5, 'bbox_x': 130.72, 'bbox_y': 249.04, 'bbox_w': 130.37, 'bbox_h': 43.26, 'class_label': 'bus'}, {'class_id': 5, 'bbox_x': 112.61, 'bbox_y': 293.01, 'bbox_w': 122.47, 'bbox_h': 46.79, 'class_label': 'bus'}, {'class_id': 5, 'bbox_x': 392.1, 'bbox_y': 271.41, 'bbox_w': 73.93, 'bbox_h': 23.32, 'class_label': 'bus'}, {'class_id': 5, 'bbox_x': 501.68, 'bbox_y': 282.09, 'bbox_w': 61.56, 'bbox_h': 16.23, 'class_label': 'bus'}, {'class_id': 5, 'bbox_x': 557.24, 'bbox_y': 259.69, 'bbox_w': 82.76, 'bbox_h': 36.85, 'class_label': 'bus'}, {'class_id': 5, 'bbox_x': 133.04, 'bbox_y': 375.55, 'bbox_w': 75.98, 'bbox_h': 52.45, 'class_label': 'bus'}, {'class_id': 5, 'bbox_x': 444.76, 'bbox_y': 112.64, 'bbox_w': 54.43, 'bbox_h': 16.95, 'class_label': 'bus'}, {'class_id': 8, 'bbox_x': 380.65, 'bbox_y': 308.93, 'bbox_w': 20.51, 'bbox_h': 9.01, 'class_label': 'boat'}, {'class_id': 8, 'bbox_x': 474.16, 'bbox_y': 317.27, 'bbox_w': 24.19, 'bbox_h': 8.11, 'class_label': 'boat'}, {'class_id': 8, 'bbox_x': 332.53, 'bbox_y': 297.99, 'bbox_w': 43.85, 'bbox_h': 18.55, 'class_label': 'boat'}, {'class_id': 8, 'bbox_x': 457.51, 'bbox_y': 313.0, 'bbox_w': 14.52, 'bbox_h': 7.08, 'class_label': 'boat'}]"
000000538236,data/coco2017/subset/000000538236.jpg,"[{'class_id': 1, 'bbox_x': 172.57, 'bbox_y': 2.94, 'bbox_w': 43.87, 'bbox_h': 96.37, 'class_label': 'bicycle'}, {'class_id': 1, 'bbox_x': 206.2, 'bbox_y': 0.68, 'bbox_w': 78.83, 'bbox_h': 80.0, 'class_label': 'bicycle'}, {'class_id': 1, 'bbox_x': 114.85, 'bbox_y': 24.13, 'bbox_w': 60.72, 'bbox_h': 67.7, 'class_label': 'bicycle'}, {'class_id': 31, 'bbox_x': 201.77, 'bbox_y': 16.6, 'bbox_w': 33.21, 'bbox_h': 70.06, 'class_label': 'tie'}, {'class_id': 58, 'bbox_x': 348.17, 'bbox_y': 211.6, 'bbox_w': 226.02, 'bbox_h': 156.77, 'class_label': 'pizza'}, {'class_id': 58, 'bbox_x': 213.96, 'bbox_y': 99.33, 'bbox_w': 218.24, 'bbox_h': 130.52, 'class_label': 'pizza'}, {'class_id': 1, 'bbox_x': 64.99, 'bbox_y': 0.0, 'bbox_w': 52.21, 'bbox_h': 54.37, 'class_label': 'bicycle'}, {'class_id': 1, 'bbox_x': 516.47, 'bbox_y': 0.89, 'bbox_w': 64.23, 'bbox_h': 36.21, 'class_label': 'bicycle'}, {'class_id': 58, 'bbox_x': 0.0, 'bbox_y': 239.06, 'bbox_w': 130.84, 'bbox_h': 188.94, 'class_label': 'pizza'}, {'class_id': 58, 'bbox_x': 360.06, 'bbox_y': 95.94, 'bbox_w': 262.23, 'bbox_h': 114.73, 'class_label': 'pizza'}, {'class_id': 58, 'bbox_x': 326.31, 'bbox_y': 321.28, 'bbox_w': 14.85, 'bbox_h': 23.48, 'class_label': 'pizza'}, {'class_id': 58, 'bbox_x': 156.58, 'bbox_y': 189.73, 'bbox_w': 36.74, 'bbox_h': 21.1, 'class_label': 'pizza'}, {'class_id': 58, 'bbox_x': 150.75, 'bbox_y': 225.72, 'bbox_w': 244.57, 'bbox_h': 179.21, 'class_label': 'pizza'}, {'class_id': 58, 'bbox_x': 0.0, 'bbox_y': 121.53, 'bbox_w': 230.38, 'bbox_h': 138.44, 'class_label': 'pizza'}]"
000000383621,data/coco2017/subset/000000383621.jpg,"[{'class_id': 5, 'bbox_x': 33.58, 'bbox_y': 207.26, 'bbox_w': 413.57, 'bbox_h': 91.16, 'class_label': 'bus'}]"
000000111609,data/coco2017/subset/000000111609.jpg,"[{'class_id': 65, 'bbox_x': 428.04, 'bbox_y': 51.76, 'bbox_w': 211.96, 'bbox_h': 370.2, 'class_label': None}, {'class_id': 1, 'bbox_x': 350.91, 'bbox_y': 82.91, 'bbox_w': 124.36, 'bbox_h': 271.86, 'class_label': 'bicycle'}, {'class_id': 73, 'bbox_x': 506.04, 'bbox_y': 352.92, 'bbox_w': 133.96, 'bbox_h': 76.08, 'class_label': 'mouse'}]"
000000167486,data/coco2017/subset/000000167486.jpg,"[{'class_id': 2, 'bbox_x': 237.62, 'bbox_y': 231.74, 'bbox_w': 133.31, 'bbox_h': 220.71, 'class_label': 'car'}, {'class_id': 1, 'bbox_x': 250.84, 'bbox_y': 187.74, 'bbox_w': 34.6, 'bbox_h': 71.51, 'class_label': 'bicycle'}, {'class_id': 1, 'bbox_x': 492.89, 'bbox_y': 154.44, 'bbox_w': 40.61, 'bbox_h': 148.53, 'class_label': 'bicycle'}, {'class_id': 1, 'bbox_x': 146.7, 'bbox_y': 80.9, 'bbox_w': 118.65, 'bbox_h': 345.17, 'class_label': 'bicycle'}, {'class_id': 1, 'bbox_x': 479.94, 'bbox_y': 193.69, 'bbox_w': 24.78, 'bbox_h': 64.12, 'class_label': 'bicycle'}, {'class_id': 1, 'bbox_x': 368.6, 'bbox_y': 174.79, 'bbox_w': 30.64, 'bbox_h': 122.54, 'class_label': 'bicycle'}, {'class_id': 2, 'bbox_x': 307.25, 'bbox_y': 302.31, 'bbox_w': 41.47, 'bbox_h': 39.75, 'class_label': 'car'}, {'class_id': 1, 'bbox_x': 205.19, 'bbox_y': 134.32, 'bbox_w': 26.23, 'bbox_h': 37.25, 'class_label': 'bicycle'}, {'class_id': 1, 'bbox_x': 216.69, 'bbox_y': 197.54, 'bbox_w': 33.78, 'bbox_h': 36.61, 'class_label': 'bicycle'}, {'class_id': 72, 'bbox_x': 264.95, 'bbox_y': 6.53, 'bbox_w': 197.23, 'bbox_h': 270.9, 'class_label': 'laptop'}]"
000000240767,data/coco2017/subset/000000240767.jpg,[]
000000509451,data/coco2017/subset/000000509451.jpg,"[{'class_id': 32, 'bbox_x': 327.15, 'bbox_y': 119.46, 'bbox_w': 33.01, 'bbox_h': 56.12, 'class_label': 'suitcase'}, {'class_id': 32, 'bbox_x': 88.51, 'bbox_y': 33.95, 'bbox_w': 27.95, 'bbox_h': 69.77, 'class_label': 'suitcase'}, {'class_id': 1, 'bbox_x': 0.84, 'bbox_y': 48.14, 'bbox_w': 128.38, 'bbox_h': 320.95, 'class_label': 'bicycle'}, {'class_id': 1, 'bbox_x': 99.12, 'bbox_y': 61.1, 'bbox_w': 105.29, 'bbox_h': 313.9, 'class_label': 'bicycle'}, {'class_id': 1, 'bbox_x': 150.69, 'bbox_y': 97.97, 'bbox_w': 136.71, 'bbox_h': 277.03, 'class_label': 'bicycle'}, {'class_id': 1, 'bbox_x': 245.22, 'bbox_y': 64.04, 'bbox_w': 117.98, 'bbox_h': 306.75, 'class_label': 'bicycle'}, {'class_id': 1, 'bbox_x': 297.47, 'bbox_y': 11.8, 'bbox_w': 133.15, 'bbox_h': 355.62, 'class_label': 'bicycle'}, {'class_id': 1, 'bbox_x': 52.03, 'bbox_y': 0.0, 'bbox_w': 447.97, 'bbox_h': 370.89, 'class_label': 'bicycle'}, {'class_id': 44, 'bbox_x': 438.67, 'bbox_y': 347.24, 'bbox_w': 58.55, 'bbox_h': 27.76, 'class_label': None}, {'class_id': 44, 'bbox_x': 104.28, 'bbox_y': 57.66, 'bbox_w': 10.57, 'bbox_h': 34.95, 'class_label': None}, {'class_id': 47, 'bbox_x': 143.51, 'bbox_y': 278.94, 'bbox_w': 24.34, 'bbox_h': 35.81, 'class_label': 'fork'}, {'class_id': 47, 'bbox_x': 82.12, 'bbox_y': 276.64, 'bbox_w': 22.46, 'bbox_h': 42.95, 'class_label': 'fork'}]"
000000002473,data/coco2017/subset/000000002473.jpg,"[{'class_id': 1, 'bbox_x': 243.73, 'bbox_y': 93.08, 'bbox_w': 130.49, 'bbox_h': 150.65, 'class_label': 'bicycle'}, {'class_id': 1, 'bbox_x': 436.85, 'bbox_y': 280.58, 'bbox_w': 61.6, 'bbox_h': 99.86, 'class_label': 'bicycle'}, {'class_id': 1, 'bbox_x': 119.06, 'bbox_y': 341.19, 'bbox_w': 23.97, 'bbox_h': 44.09, 'class_label': 'bicycle'}, {'class_id': 1, 'bbox_x': 32.39, 'bbox_y': 328.76, 'bbox_w': 25.77, 'bbox_h': 26.41, 'class_label': 'bicycle'}, {'class_id': 35, 'bbox_x': 285.42, 'bbox_y': 216.95, 'bbox_w': 42.75, 'bbox_h': 49.89, 'class_label': 'snowboard'}]"
000000232646,data/coco2017/subset/000000232646.jpg,"[{'class_id': 13, 'bbox_x': 497.73, 'bbox_y': 94.59, 'bbox_w': 97.65, 'bbox_h': 99.16, 'class_label': 'parking meter'}]"
000000358525,data/coco2017/subset/000000358525.jpg,"[{'class_id': 1, 'bbox_x': 4.3, 'bbox_y': 96.75, 'bbox_w': 431.67, 'bbox_h': 336.11, 'class_label': 'bicycle'}, {'class_id': 73, 'bbox_x': 228.16, 'bbox_y': 302.42, 'bbox_w': 400.36, 'bbox_h': 176.29, 'class_label': 'mouse'}, {'class_id': 33, 'bbox_x': 0.0, 'bbox_y': 44.69, 'bbox_w': 245.67, 'bbox_h': 136.21, 'class_label': 'frisbee'}, {'class_id': 33, 'bbox_x': 296.63, 'bbox_y': 206.02, 'bbox_w': 241.62, 'bbox_h': 78.74, 'class_label': 'frisbee'}]"
000000321118,data/coco2017/subset/000000321118.jpg,"[{'class_id': 73, 'bbox_x': 87.68, 'bbox_y': 3.49, 'bbox_w': 464.12, 'bbox_h': 416.47, 'class_label': 'mouse'}, {'class_id': 74, 'bbox_x': 517.49, 'bbox_y': 267.89, 'bbox_w': 121.03, 'bbox_h': 59.09, 'class_label': 'remote'}]"
000000331569,data/coco2017/subset/000000331569.jpg,"[{'class_id': 47, 'bbox_x': 238.44, 'bbox_y': 19.08, 'bbox_w': 373.56, 'bbox_h': 546.82, 'class_label': 'fork'}]"
000000161978,data/coco2017/subset/000000161978.jpg,"[{'class_id': 1, 'bbox_x': 261.75, 'bbox_y': 163.47, 'bbox_w': 43.78, 'bbox_h': 91.46, 'class_label': 'bicycle'}, {'class_id': 1, 'bbox_x': 190.42, 'bbox_y': 10.23, 'bbox_w': 44.29, 'bbox_h': 76.39, 'class_label': 'bicycle'}, {'class_id': 1, 'bbox_x': 248.12, 'bbox_y': 8.76, 'bbox_w': 125.52, 'bbox_h': 89.52, 'class_label': 'bicycle'}, {'class_id': 1, 'bbox_x': 398.69, 'bbox_y': 10.58, 'bbox_w': 48.02, 'bbox_h': 45.52, 'class_label': 'bicycle'}, {'class_id': 1, 'bbox_x': 450.51, 'bbox_y': 307.48, 'bbox_w': 44.76, 'bbox_h': 30.16, 'class_label': 'bicycle'}, {'class_id': 1, 'bbox_x': 530.3, 'bbox_y': 9.73, 'bbox_w': 99.25, 'bbox_h': 112.87, 'class_label': 'bicycle'}, {'class_id': 1, 'bbox_x': 33.08, 'bbox_y': 166.39, 'bbox_w': 81.74, 'bbox_h': 85.63, 'class_label': 'bicycle'}, {'class_id': 1, 'bbox_x': 507.68, 'bbox_y': 165.86, 'bbox_w': 48.75, 'bbox_h': 90.14, 'class_label': 'bicycle'}, {'class_id': 1, 'bbox_x': 179.04, 'bbox_y': 297.75, 'bbox_w': 51.57, 'bbox_h': 74.92, 'class_label': 'bicycle'}, {'class_id': 1, 'bbox_x': 30.1, 'bbox_y': 296.14, 'bbox_w': 47.15, 'bbox_h': 58.35, 'class_label': 'bicycle'}, {'class_id': 41, 'bbox_x': 163.42, 'bbox_y': 363.14, 'bbox_w': 76.78, 'bbox_h': 19.42, 'class_label': 'surfboard'}, {'class_id': 41, 'bbox_x': 274.54, 'bbox_y': 372.35, 'bbox_w': 149.77, 'bbox_h': 35.33, 'class_label': 'surfboard'}, {'class_id': 41, 'bbox_x': 238.07, 'bbox_y': 76.77, 'bbox_w': 87.77, 'bbox_h': 26.26, 'class_label': 'surfboard'}, {'class_id': 41, 'bbox_x': 438.57, 'bbox_y': 328.55, 'bbox_w': 142.55, 'bbox_h': 48.31, 'class_label': 'surfboard'}, {'class_id': 41, 'bbox_x': 15.51, 'bbox_y': 47.94, 'bbox_w': 522.08, 'bbox_h': 315.43, 'class_label': 'surfboard'}, {'class_id': 1, 'bbox_x': 422.3, 'bbox_y': 165.42, 'bbox_w': 50.59, 'bbox_h': 115.79, 'class_label': 'bicycle'}, {'class_id': 41, 'bbox_x': 542.68, 'bbox_y': 107.7, 'bbox_w': 83.31, 'bbox_h': 41.39, 'class_label': 'surfboard'}, {'class_id': 1, 'bbox_x': 280.42, 'bbox_y': 296.62, 'bbox_w': 108.55, 'bbox_h': 92.25, 'class_label': 'bicycle'}, {'class_id': 1, 'bbox_x': 550.27, 'bbox_y': 294.87, 'bbox_w': 76.68, 'bbox_h': 72.17, 'class_label': 'bicycle'}, {'class_id': 1, 'bbox_x': 482, 'bbox_y': 162, 'bbox_w': 31, 'bbox_h': 93, 'class_label': 'bicycle'}]"
000000520659,data/coco2017/subset/000000520659.jpg,"[{'class_id': 42, 'bbox_x': 464.94, 'bbox_y': 274.25, 'bbox_w': 174.19, 'bbox_h': 102.16, 'class_label': 'tennis racket'}, {'class_id': 42, 'bbox_x': 419.88, 'bbox_y': 263.58, 'bbox_w': 46.64, 'bbox_h': 87.13, 'class_label': 'tennis racket'}, {'class_id': 42, 'bbox_x': 444.4, 'bbox_y': 266.43, 'bbox_w': 53.94, 'bbox_h': 94.92, 'class_label': 'tennis racket'}, {'class_id': 42, 'bbox_x': 319.14, 'bbox_y': 276.77, 'bbox_w': 43.64, 'bbox_h': 66.43, 'class_label': 'tennis racket'}, {'class_id': 42, 'bbox_x': 297.98, 'bbox_y': 267.86, 'bbox_w': 64.29, 'bbox_h': 71.8, 'class_label': 'tennis racket'}, {'class_id': 42, 'bbox_x': 246.6, 'bbox_y': 275.06, 'bbox_w': 41.6, 'bbox_h': 56.56, 'class_label': 'tennis racket'}, {'class_id': 42, 'bbox_x': 235.17, 'bbox_y': 272.86, 'bbox_w': 38.66, 'bbox_h': 63.35, 'class_label': 'tennis racket'}, {'class_id': 42, 'bbox_x': 173.96, 'bbox_y': 271.78, 'bbox_w': 34.36, 'bbox_h': 66.58, 'class_label': 'tennis racket'}, {'class_id': 42, 'bbox_x': 264.4, 'bbox_y': 283.45, 'bbox_w': 48.26, 'bbox_h': 55.61, 'class_label': 'tennis racket'}, {'class_id': 1, 'bbox_x': 329.44, 'bbox_y': 191.9, 'bbox_w': 26.61, 'bbox_h': 71.12, 'class_label': 'bicycle'}, {'class_id': 1, 'bbox_x': 407.85, 'bbox_y': 188.22, 'bbox_w': 20.87, 'bbox_h': 43.43, 'class_label': 'bicycle'}, {'class_id': 1, 'bbox_x': 428.12, 'bbox_y': 189.99, 'bbox_w': 20.69, 'bbox_h': 57.14, 'class_label': 'bicycle'}, {'class_id': 1, 'bbox_x': 455.59, 'bbox_y': 187.74, 'bbox_w': 25.44, 'bbox_h': 41.35, 'class_label': 'bicycle'}, {'class_id': 1, 'bbox_x': 543.64, 'bbox_y': 190.92, 'bbox_w': 28.05, 'bbox_h': 57.17, 'class_label': 'bicycle'}, {'class_id': 1, 'bbox_x': 524.33, 'bbox_y': 188.66, 'bbox_w': 19.21, 'bbox_h': 52.35, 'class_label': 'bicycle'}, {'class_id': 1, 'bbox_x': 428.58, 'bbox_y': 223.51, 'bbox_w': 67.34, 'bbox_h': 50.5, 'class_label': 'bicycle'}, {'class_id': 1, 'bbox_x': 225.16, 'bbox_y': 199.71, 'bbox_w': 26.79, 'bbox_h': 60.71, 'class_label': 'bicycle'}, {'class_id': 1, 'bbox_x': 250.34, 'bbox_y': 197.41, 'bbox_w': 15.24, 'bbox_h': 20.8, 'class_label': 'bicycle'}, {'class_id': 1, 'bbox_x': 165.1, 'bbox_y': 236.41, 'bbox_w': 19.57, 'bbox_h': 35.69, 'class_label': 'bicycle'}, {'class_id': 1, 'bbox_x': 291.13, 'bbox_y': 195.22, 'bbox_w': 23.89, 'bbox_h': 56.24, 'class_label': 'bicycle'}, {'class_id': 1, 'bbox_x': 381.76, 'bbox_y': 195.72, 'bbox_w': 12.77, 'bbox_h': 36.27, 'class_label': 'bicycle'}, {'class_id': 28, 'bbox_x': 355.2, 'bbox_y': 192.23, 'bbox_w': 45.28, 'bbox_h': 23.88, 'class_label': None}, {'class_id': 42, 'bbox_x': 405.29, 'bbox_y': 268.75, 'bbox_w': 45.43, 'bbox_h': 80.62, 'class_label': 'tennis racket'}, {'class_id': 62, 'bbox_x': 132.98, 'bbox_y': 234.79, 'bbox_w': 42.6, 'bbox_h': 37.75, 'class_label': 'couch'}, {'class_id': 42, 'bbox_x': 149.57, 'bbox_y': 277.9, 'bbox_w': 41.87, 'bbox_h': 56.61, 'class_label': 'tennis racket'}, {'class_id': 62, 'bbox_x': 113.27, 'bbox_y': 243.16, 'bbox_w': 33.66, 'bbox_h': 31.44, 'class_label': 'couch'}, {'class_id': 1, 'bbox_x': 491.33, 'bbox_y': 196.69, 'bbox_w': 20.74, 'bbox_h': 53.83, 'class_label': 'bicycle'}, {'class_id': 42, 'bbox_x': 350.47, 'bbox_y': 270.05, 'bbox_w': 39.51, 'bbox_h': 72.61, 'class_label': 'tennis racket'}, {'class_id': 42, 'bbox_x': 379.35, 'bbox_y': 269.06, 'bbox_w': 52.91, 'bbox_h': 77.71, 'class_label': 'tennis racket'}, {'class_id': 42, 'bbox_x': 46, 'bbox_y': 274, 'bbox_w': 338, 'bbox_h': 65, 'class_label': 'tennis racket'}, {'class_id': 1, 'bbox_x': 113, 'bbox_y': 49, 'bbox_w': 526, 'bbox_h': 340, 'class_label': 'bicycle'}]"
000000359855,data/coco2017/subset/000000359855.jpg,"[{'class_id': 33, 'bbox_x': 139.82, 'bbox_y': 19.48, 'bbox_w': 418.31, 'bbox_h': 308.3, 'class_label': 'frisbee'}]"
000000032887,data/coco2017/subset/000000032887.jpg,"[{'class_id': 77, 'bbox_x': 141.23, 'bbox_y': 57.49, 'bbox_w': 4.63, 'bbox_h': 4.46, 'class_label': 'microwave'}, {'class_id': 1, 'bbox_x': 373.29, 'bbox_y': 119.19, 'bbox_w': 125.84, 'bbox_h': 345.34, 'class_label': 'bicycle'}, {'class_id': 1, 'bbox_x': 96.78, 'bbox_y': 48.23, 'bbox_w': 62.44, 'bbox_h': 147.21, 'class_label': 'bicycle'}, {'class_id': 27, 'bbox_x': 446.66, 'bbox_y': 159.91, 'bbox_w': 70.85, 'bbox_h': 120.32, 'class_label': 'umbrella'}]"
000000534664,data/coco2017/subset/000000534664.jpg,"[{'class_id': 33, 'bbox_x': 301.41, 'bbox_y': 0.76, 'bbox_w': 118.93, 'bbox_h': 397.64, 'class_label': 'frisbee'}, {'class_id': 33, 'bbox_x': 415.83, 'bbox_y': 114.19, 'bbox_w': 192.9, 'bbox_h': 145.59, 'class_label': 'frisbee'}, {'class_id': 33, 'bbox_x': 0.0, 'bbox_y': 196.86, 'bbox_w': 171.59, 'bbox_h': 203.36, 'class_label': 'frisbee'}, {'class_id': 33, 'bbox_x': 0.91, 'bbox_y': 0.91, 'bbox_w': 181.57, 'bbox_h': 206.08, 'class_label': 'frisbee'}, {'class_id': 33, 'bbox_x': 152.52, 'bbox_y': 0.91, 'bbox_w': 162.51, 'bbox_h': 397.64, 'class_label': 'frisbee'}, {'class_id': 33, 'bbox_x': 414.48, 'bbox_y': 241.37, 'bbox_w': 220.37, 'bbox_h': 154.46, 'class_label': 'frisbee'}, {'class_id': 33, 'bbox_x': 529.57, 'bbox_y': 122.38, 'bbox_w': 110.1, 'bbox_h': 241.13, 'class_label': 'frisbee'}]"
000000363784,data/coco2017/subset/000000363784.jpg,"[{'class_id': 81, 'bbox_x': 100.54, 'bbox_y': 268.65, 'bbox_w': 144.87, 'bbox_h': 104.86, 'class_label': 'refrigerator'}, {'class_id': 70, 'bbox_x': 32.66, 'bbox_y': 442.31, 'bbox_w': 109.78, 'bbox_h': 37.69, 'class_label': None}, {'class_id': 70, 'bbox_x': 1.25, 'bbox_y': 314.18, 'bbox_w': 107.22, 'bbox_h': 145.87, 'class_label': None}]"
000000370208,data/coco2017/subset/000000370208.jpg,"[{'class_id': 2, 'bbox_x': 62.9, 'bbox_y': 107.26, 'bbox_w': 380.65, 'bbox_h': 228.22, 'class_label': 'car'}, {'class_id': 1, 'bbox_x': 0.0, 'bbox_y': 194.84, 'bbox_w': 48.12, 'bbox_h': 66.51, 'class_label': 'bicycle'}, {'class_id': 14, 'bbox_x': 181.3, 'bbox_y': 18.03, 'bbox_w': 48.3, 'bbox_h': 86.68, 'class_label': 'bench'}, {'class_id': 14, 'bbox_x': 217.11, 'bbox_y': 18.3, 'bbox_w': 55.14, 'bbox_h': 86.19, 'class_label': 'bench'}]"
000000155154,data/coco2017/subset/000000155154.jpg,"[{'class_id': 70, 'bbox_x': 80.77, 'bbox_y': 271.25, 'bbox_w': 105.9, 'bbox_h': 76.12, 'class_label': None}]"
000000219578,data/coco2017/subset/000000219578.jpg,"[{'class_id': 18, 'bbox_x': 29.11, 'bbox_y': 115.68, 'bbox_w': 439.03, 'bbox_h': 247.43, 'class_label': 'horse'}, {'class_id': 17, 'bbox_x': 420.56, 'bbox_y': 148.16, 'bbox_w': 217.18, 'bbox_h': 128.84, 'class_label': 'dog'}, {'class_id': 63, 'bbox_x': 0.0, 'bbox_y': 140.34, 'bbox_w': 238.35, 'bbox_h': 282.52, 'class_label': 'potted plant'}, {'class_id': 63, 'bbox_x': 8.64, 'bbox_y': 28.79, 'bbox_w': 631.36, 'bbox_h': 258.12, 'class_label': 'potted plant'}]"
